y,x0,x1,x2,x3,x4,x5,x6,x7,x8,x9,x10,x11,x12,x13,x14,x15,x16,x17,x18,x19,x20,x21,x22,x23,x24,x25,x26,x27,x28,x29,x30,x31,x32,x33,x34,x35,x36,x37,x38,x39,x40,x41,x42,x43,x44,x45,x46,x47,x48,x49
0.6095770041711519,0.24144572066595837,0.04348656195346812,0.09017059109285808,0.07030980432773426,0.35798400981066325,0.5133403512628067,0.7305147119165759,0.6521226175183477,0.4442118996730616,0.49848657798697205,0.8428441409581492,0.808794903799373,0.05185965935168535,0.5091468611152256,0.03353030230558274,0.2358583906424495,0.12588903078608937,0.22197363431446826,0.8354773569308661,0.34862182354081483,0.0030278011962591167,0.030293258916916033,0.5815854192773652,0.14848645719208675,0.27462681750326257,0.40445905028401363,0.2308802713165261,0.34169660740432806,0.016674587610244984,0.3151948565051652,0.932326220782323,0.05540180840371689,0.8040539764762614,0.3414264679847069,0.6547494164250909,0.3816117624753548,0.8809359539482087,0.8814183849908327,0.9788130739373088,0.3875565129461602,0.9632317798423085,0.08188505162742765,0.6097786779454949,0.4214061403029187,0.7873284114630401,0.2241103150628938,0.6236560348064946,0.26458314824704776,0.047218989358708496,0.6352029083818199
0.99933695279372,0.508955307855837,0.85246938945722,0.9268497794266675,0.5383024059755229,0.46775818679544756,0.4922483360820912,0.1767632925944388,0.2832765895006718,0.1197799892592456,0.7872515988913992,0.47908355217527465,0.08936117553486378,0.7572397472984885,0.9232222229626722,0.5669214478356556,0.42836599193403335,0.16963253907481013,0.32432350378288277,0.8606527587018146,0.6856141750325668,0.5495433204026452,0.19347832743195437,0.04672967490481428,0.6033540077417362,0.35326466269934187,0.9402204089454457,0.4272024129090497,0.044316701257056446,0.9046358259016658,0.48491619617511095,0.7839471423886935,0.7754023304570195,0.418815154673588,0.3396296689039512,0.5245857259624752,0.6818106502263037,0.8257797002189066,0.7830148645096178,0.9100724373982937,0.6593222514467126,0.9891857919611813,0.30378088995880004,0.5695625023294504,0.9111528029588395,0.2635756702863664,0.338325066354903,0.11642529945906721,0.20848322463911018,0.8966578137955905,0.39047226311116734
0.8484554644203931,0.24061054898741885,0.2861456042241741,0.6262759043438407,0.5866976323257803,0.06572989720502409,0.7045009269984254,0.13066172600261605,0.19108882309917152,0.549398734633049,0.8737457873519318,0.7961021026495576,0.22810504733505088,0.9762368051718285,0.9433291969135249,0.3733764200465044,0.28818049120308586,0.6070435273260432,0.2506833694218885,0.7924891144467061,0.3888616369263562,0.5804663213581177,0.1401158713640377,0.4329998561916243,0.3593610333845335,0.7597099252824532,0.505326082266976,0.6370752520313077,0.16411215082299446,0.17798113718872977,0.8746177818007113,0.04008652346408692,0.34240829561562247,0.16899335208515254,0.36998982662591173,0.6321426539801079,0.3034757820314745,0.854046776972605,0.08763990881597994,0.393110517384759,0.7659461242788589,0.37808122813830936,0.683264276309071,0.13572652303008415,0.11910361462280117,0.4963501351857067,0.35891889619210193,0.6586670936913588,0.10935947088765885,0.811014836267635,0.030633178498295277
0.20000328906291232,0.22474400246060255,0.5076156529295074,0.9523868212683639,0.6369572265999286,0.20966225463235377,0.856250820836317,0.013871892756701643,0.3362902875385465,0.7461466781629276,0.04434534568519588,0.7193078108285537,0.5714126908750153,0.4936313379877114,0.11611965255073531,0.7344997519035366,0.0002499519250890314,0.7209911476774966,0.6395988416227137,0.13726019078577079,0.9823346522935278,0.7807801401063923,0.4849907799347898,0.844969557841325,0.37904674904847924,0.2004501182812961,0.5149677915002714,0.3313221225788895,0.5020023499314259,0.6284560745587048,0.19953823246660296,0.7681562596460232,0.14393085366283742,0.029951406120040214,0.2756557184281473,0.7139570876010948,0.48304418530870663,0.278591594914418,0.2379123345944011,0.23887421879358817,0.10487045115714233,0.22444406752044155,0.3490050804139233,0.07947763853594181,0.09039730806643043,0.2743131566017857,0.31632202561694034,0.408448017770917,0.5250780655838768,0.3306761896915035,0.12691783810046453
0.5325241364107971,0.7807662389066917,0.185012744516587,0.47806098968943056,0.5636046514628437,0.3869076405476969,0.9840585431517098,0.8219996490918985,0.8298712124723645,0.7594148528793143,0.679889407163773,0.09249537161560739,0.6795893913782064,0.9474510434614395,0.06619868713050137,0.4133911729132347,0.42060416827361957,0.364931962742968,0.3624605022984261,0.27926141038339247,0.19973039078655141,0.8696304055950654,0.1795256241196418,0.07530837595106077,0.8065501462556847,0.49387157064676057,0.5195044367217526,0.5310644645745412,0.7622794769432997,0.12224123963291145,0.9324203055073887,0.054724427040946155,0.7427723494979411,0.9148780038941765,0.7392625021177351,0.5119992576703808,0.5070940823574216,0.4956108763706977,0.3789294135456287,0.7670503535616117,0.7802409608261697,0.3869049619906372,0.008825724030115722,0.21356237757773888,0.08279746448839154,0.6358932254707287,0.29897035355519885,0.1556638255356555,0.8709000476072064,0.764220265596646,0.9259878644891743
0.48600040721807325,0.10159571696089187,0.10988567013559147,0.9389123286391348,0.9513497791031058,0.013021642726447347,0.46491630759984715,0.7405297711285369,0.970527668643292,0.3789199609146384,0.24689901824042815,0.41892270890157735,0.6704579022974521,0.5617169509401241,0.8942827022900344,0.6067824565753573,0.0022872164272836892,0.08785706344673805,0.10891787507192596,0.3464359301071295,0.820047025255472,0.48108780953503416,0.18465719108724432,0.3380470569814332,0.24574516729755824,0.9723617660289039,0.1267321955603492,0.10114150507431918,0.48245844579350905,0.7794276598695778,0.6035078587574589,0.18700785651205998,0.48249793097841376,0.036270515869714304,0.14372377510279877,0.015247350386964564,0.1599000410463537,0.8085643039532546,0.13861651524481844,0.8928656110002386,0.5683556889261229,0.3617026510142164,0.7160908697633375,0.5739864000590164,0.28076887890595803,0.38486549461768294,0.6198261613026518,0.19949131316414226,0.4086486872868821,0.30424135405176345,0.5784140993171847
0.9005924457700689,0.20158436680246516,0.13318038077047667,0.6519902773148918,0.3555783682132566,0.08832211389917544,0.042001930706204615,0.19136594059224565,0.8914426378119986,0.7607794743259723,0.5606074864916294,0.7368154983017753,0.5622680106206004,0.25799305979847886,0.33900623392152573,0.8263137760553273,0.8600884071492467,0.24809897688779337,0.46266379176217665,0.36613789481250414,0.36716503475156614,0.6902065160523538,0.04435974543543608,0.5791993475483811,0.8914873655312027,0.09541438016055026,0.2619016607903727,0.6387203799855199,0.9252555446339533,0.4995540109285458,0.8187599160113848,0.6591891895100565,0.43508756180941455,0.2288070342941353,0.7642665884731085,0.816884306299063,0.20753613375229796,0.8626911817186929,0.8387178493943321,0.09063508571076395,0.9455574842519051,0.11033144519982085,0.931190197275561,0.159957800640103,0.6429002295861941,0.805145435999003,0.7023097343563094,0.4821550735052671,0.561691444893887,0.03255861408745919,0.7888316183156762
0.38107980459163915,0.2405949664844823,0.3944301038911383,0.8830759036969172,0.6775806646971267,0.2997011747888254,0.374761743395128,0.7197830801937349,0.03463742874565423,0.4451402234234988,0.43715346922230225,0.668533014230636,0.27250742820000173,0.8629803993013407,0.06807403795298317,0.7463093009231478,0.6726674165667051,0.6827936713713217,0.8053974903554498,0.6310896459092361,0.04143230278856236,0.6295721763971271,0.8112568298475112,0.45669237615742964,0.022632930704343357,0.3618368858970614,0.9450916238213128,0.7795683297241162,0.563192905882982,0.10879536038677096,0.17955708296793305,0.02675436368141726,0.039954404273897515,0.21753750434190722,0.01848920959605449,0.30451539157597873,0.17751898189261395,0.7674385040060918,0.005539844540774497,0.2730092436505398,0.76138417778707,0.17594765563801407,0.6814459721240919,0.21630729712971053,0.3236935295202569,0.09410346101812206,0.8792427294859045,0.6482292247262035,0.6520926628044357,0.5263317524982911,0.7555487902955792
0.9563264213498263,0.5022092433131364,0.36735243823621566,0.8883292680560164,0.9295007740569082,0.5377426480680787,0.9092996791041137,0.8815436564763511,0.2905133243696344,0.42097948086466364,0.24321502135537154,0.6167701850858573,0.10607425313313823,0.13107705539463177,0.29761407665982054,0.8000884627394695,0.02842674212807439,0.790901058578291,0.21725545184873019,0.6499093212677552,0.14632989981194122,0.40105306774685334,0.258488328686036,0.25546339628706805,0.6309954241332891,0.3191869581736966,0.5132982846255757,0.23749871880276696,0.6365092271675271,0.7161374474556805,0.6280423284361776,0.08212973795869127,0.5986794008069113,0.9445593079492549,0.2438027922660716,0.3309794766614582,0.10080695954543006,0.9252891657620504,0.09957546784117599,0.6457301571806836,0.5933646355248064,0.33050240534860376,0.1413047156624465,0.6096761074343418,0.23094817471961782,0.9791653232334173,0.6906852379651935,0.7040128793813359,0.4298664304695249,0.754331965969208,0.9445558370983502
0.5098967174469928,0.8841813028172548,0.7169404823658455,0.22197458575586004,0.8946023889049212,0.4708556841939584,0.6639634623799099,0.5512853471538455,0.9335222589564067,0.24735076444324655,0.10111320372010513,0.6325019722063449,0.280014068450137,0.3291290581219829,0.032768654901234706,0.4307386987254139,0.06511029936309698,0.179629973149266,0.31283285970381824,0.4001710535756541,0.9851523128270463,0.03338039566552431,0.16833823287181804,0.3237697374919185,0.10476212350983394,0.18516783547480253,0.4020378508430986,0.965531645348942,0.520817128176714,0.8876981782445356,0.536098794044233,0.2870425279041183,0.08649739167164405,0.11249952249996087,0.7084846107784092,0.9326238660594185,0.924627290218235,0.05307491130100561,0.594222960771192,0.3017021704837365,0.26862607331528376,0.025732845368909407,0.7359693736131717,0.9322979143711221,0.65358511830271,0.0976783828388027,0.3952786556468525,0.4730970750531982,0.6986809633323726,0.5925915574274369,0.3855803304995209
0.8601223303241167,0.2416785205896459,0.6411647575403835,0.41573147075251915,0.012927270413218728,0.9642350210855228,0.644501464723372,0.5583923987925815,0.70724278801155,0.05754431778606117,0.27984672090768337,0.6481525558106903,0.12211666495065399,0.18122092842799709,0.16533957668112564,0.375522541729829,0.7304107158207441,0.12533614754871458,0.6511687661110007,0.3397458215560727,0.2492737684995947,0.4839681591375844,0.5751036837274268,0.23543978078910077,0.9443912525092157,0.9397995178316181,0.8724872378368614,0.5599432869977191,0.3193408328017937,0.925357209622412,0.8271037587029458,0.7718547482890555,0.8495251743693744,0.564273766487502,0.20446281419757983,0.7404623053397387,0.924706499702078,0.13843965383014123,0.6240721508981334,0.46536680527006147,0.7013868019173718,0.8724706783027764,0.8272682351150705,0.5323120630806654,0.40972141997135325,3.3159805616578275e-05,0.9971833419928031,0.39508651485109636,0.982174388932928,0.692879047878052,0.8571809689633431
0.20621160587978904,0.26038175192160684,0.2659062534129871,0.7936307266520033,0.6675409645388451,0.9739544666624811,0.3334089402028577,0.8973655063409449,0.01320659496414478,0.8361725196516326,0.9486008192227361,0.20245624527923334,0.6085865278118664,0.1505220596041248,0.6255348596532495,0.5892846819804688,0.3868530127628431,0.11270084788254042,0.9259945641797344,0.741889362468874,0.05910014538977704,0.9261020338340197,0.5084167199060194,0.2079400594103722,0.030357582751779577,0.10379090876767239,0.7446406107702924,0.08306105574367295,0.7632210919488733,0.1355120194319115,0.11574245130570193,0.8295233720682822,0.00936369704963047,0.951190135655708,0.34735749472524124,0.18705561732183673,0.8604854494582493,0.9808508053608457,0.8320321823372897,0.6078228093785336,0.0506500751017005,0.664325839204474,0.7131285274178379,0.8287535457566108,0.6714682490169634,0.6798657422417845,0.007322164910672169,0.26252077725251466,0.041440899252134344,0.5365850978218294,0.537883859931119
0.61071001535654,0.13777238094647826,0.04545236495934091,0.056212728635619325,0.0064192495748667255,0.7090522449520914,0.8846331431363629,0.2484019527680471,0.6941923504947914,0.2800590753547487,0.2102584944453013,0.15203337190214072,0.6857394607881749,0.740351488548676,0.5016892361027404,0.3285296766748018,0.46988574981122666,0.7314193795594656,0.5890060478166658,0.6175192341003138,0.1897358724151682,0.06359032752233951,0.480453134443973,0.7970782482972117,0.8992496465239861,0.8325025785554873,0.5151643854409046,0.5823900803866545,0.34005193517095655,0.6300586910326843,0.15659048593743208,0.48478468110218853,0.4680640042406018,0.675959465236329,0.605599578914685,0.24439483633589387,0.24301049619742765,0.131218162189488,0.15369473868449124,0.5974617243177458,0.6795885126686367,0.2685118506434553,0.6479049552501388,0.7082695843172268,0.42022661487664004,0.3075404992703973,0.5343519995640104,0.11191748109350486,0.16534256142138637,0.1976746312731148,0.7750256345151278
0.9348219702042417,0.38437182962034644,0.35642276603048306,0.4528721818695042,0.1919844748741648,0.7696147029212075,0.20623036064576605,0.057776770265350996,0.33148682775255167,0.7784193544346739,0.6212010180936925,0.9147716742870432,0.3031299135307831,0.5296513920525084,0.1840877482493687,0.743437792304475,0.9262787459370552,0.9936009829139932,0.7479429522046356,0.6695535585499536,0.46985429167374093,0.7748068345714287,0.04845906362939578,0.10880275288147578,0.25675290353972746,0.8552197501161797,0.4590680003668207,0.9655981597489258,0.5791940695685858,0.8130143691961711,0.2331510124503261,0.14972141080763535,0.6200176914299405,0.57766061273995,0.42317296638611146,0.3185541551518949,0.6833770841091696,0.707243135356028,0.9773643705541226,0.9711708092240392,0.7998551076136762,0.13591457630932824,0.10225146885081204,0.414935989256645,0.3616225333761176,0.5709337412202444,0.1383146509449139,0.06579085707971033,0.49723780581412214,0.40709709528059745,0.744768819743954
0.9561543977251783,0.6967108039544224,0.6049748109556446,0.8065771278167877,0.9569371731747495,0.4032426804235545,0.1395203025483165,0.8924853044791374,0.02186783591535235,0.3416109379999501,0.7456292016983939,0.6703564429578924,0.9079046039893814,0.023193817239690828,0.943898048790749,0.5730995186192614,0.7472936480228638,0.5783022574279877,0.46967617016688346,0.32118469938877103,0.9990706406121096,0.7456353453326128,0.5387615661110465,0.16760647126072636,0.42774979571658267,0.9194847325745792,0.0634586405682187,0.5879793376100556,0.5572293284322508,0.704946920599045,0.8223876068428518,0.5324027858867484,0.9782733626283511,0.2827831661154767,0.4742162411205797,0.26169753962835796,0.2567885433830298,0.913006374144316,0.03423620391442572,0.3226026371324665,0.6854395927035355,0.7929917005131493,0.06579220770974259,0.7454813910377044,0.9468713812107643,0.6813219120615894,0.8010891965012742,0.4059435930585559,0.12824896920284923,0.4910321856198623,0.34834981321058045
0.818453973411767,0.3883359897074897,0.5109001552189022,0.8040494191417475,0.07184792336810475,0.46052093413788553,0.5451470886343426,0.4959682300270728,0.9875595066928448,0.37124239198811226,0.8503283640950046,0.5610721885622681,0.6831657768889849,0.0640832519592911,0.9933186471812016,0.5438909429129368,0.7026783281135368,0.8165568877614905,0.019520164928565453,0.48813170649970916,0.8283059127489468,0.7501501598218373,0.2123667331884289,0.30740864400715406,0.7393409436401085,0.39140306232254507,0.13744493781017175,0.6331630866914872,0.04650581840155077,0.4159045882526894,0.3883833737724024,0.9245520814600489,0.9644692081374446,0.6781810558752724,0.05581446267337298,0.1620860676735001,0.4579390088178683,0.020080580807884663,0.4443283900211127,0.1693917056100721,0.3468925065021623,0.3921266324768099,0.17922047106618144,0.961471063230399,0.3800051862694017,0.9943863285440548,0.2865925464373211,0.7762461394173578,0.7225201285818252,0.6057309604903356,0.7512541577312524
0.38881958576327036,0.6859017651515332,0.40520119147866973,0.6098910199560097,0.9369255849566339,0.46148466732389537,0.23054002485156755,0.8179487478700187,0.13711200299831716,0.5737840206717604,0.7446655329681555,0.5093981833890573,0.6251230801898656,0.45406148641364075,0.32501478027821007,0.9149166795831941,0.20727124058151403,0.8385755323352146,0.9692426034892523,0.981642183966813,0.9208479278258814,0.8057809533560732,0.7234710813332887,0.03725327200469353,0.9393106574528991,0.9219054851301277,0.8917506261567568,0.5029290199945832,0.6209787210541221,0.5246820256272247,0.40399040381895845,0.6389006357257848,0.077043751747082,0.5432469123773658,0.956093930878486,0.7900748112428502,0.3012132105539397,0.9541951370794833,0.797448186686536,0.12824265320008987,0.43164014946087814,0.1669943769744917,0.11325626438390435,0.38784911809871325,0.883152935257322,0.6065034470794345,0.4878826618066249,0.6174050158050073,0.7751378343452597,0.649803007449864,0.04066789014269512
0.7997913536003116,0.1931181646489567,0.6140351185344289,0.4860077787968581,0.051887647405326476,0.4053746200558641,0.9074444604798327,0.11086443759331888,0.6692975465481737,0.6403827360322314,0.38624146203868326,0.5518483531664229,0.0895994744998182,0.2921398136677602,0.8160843301965536,0.8036082499133627,0.5181746971998509,0.4594047078839323,0.8621688616540671,0.2807760737059217,0.9731468677088704,0.17919091911842855,0.4554836127175481,0.551982680479638,0.47488864059547153,0.10257280653051326,0.9517860998461387,0.9710002824252871,0.29342906594604845,0.04377446439756394,0.4180290072053834,0.9283193212497635,0.37468273741814306,0.4513147840931204,0.08979520277343267,0.2491374925407953,0.27002626372331473,0.5904201862430682,0.9251732531890282,0.5778443674831016,0.9518213382936522,0.4861222027296691,0.5254308676717823,0.18635854659393192,0.3406838610042672,0.7720564457329522,0.04378048106637,0.06232139092510547,0.9680431249928809,0.20389037434078605,0.047793165077318234
0.6820411542278914,0.9650315708571953,0.10438022615704179,0.5145642093405948,0.5800960586648486,0.7693094337232067,0.34507569459393295,0.16702197718282907,0.906471400369939,0.28836815633005153,0.7230630035402957,0.695196923895478,0.23223750306318025,0.3555184034507206,0.7731687748473629,0.7273570053906911,0.49198953893692965,0.6049624346054508,0.46775594746230764,0.5336557540646716,0.8458341269439688,0.12107393066668992,0.9423881788500111,0.11167633679447941,0.5401705501214528,0.39862488045558375,0.9555713235965222,0.29119908749250234,0.1194912787925958,0.9101165723250021,0.5100123889372572,0.6546346171614328,0.19250233017829266,0.45731315576496,0.2318052942688884,0.2008237690085296,0.32320529936970144,0.4604959259292123,0.369091855477911,0.4789146584900057,0.7792929784830409,0.4881041115233111,0.7434913484310451,0.5196297193224768,0.23374287227290524,0.6789191084991981,0.8865226736401282,0.7400728890330863,0.34029651113249926,0.023781585261944294,0.6396979205613811
0.09764461411937564,0.1662328446993181,0.28145659460060746,0.48028709347247756,0.9417963054104321,0.34168608537615275,0.9203474047882948,0.17070672926597497,0.9442681178681903,0.7259739055705451,0.07007285895567317,0.14667312957308298,0.6842433037451299,0.32036415803598783,0.5724981692649201,0.9384333548094032,0.29819874410952685,0.032232677597133996,0.6414416421458825,0.424278289693224,0.70622204052192,0.011062839110383749,0.5981023620313614,0.3174795296651147,0.8326614209094575,0.15239691690464563,0.7562504245280999,0.41222781583104473,0.5983529837036365,0.15785398216286262,0.46818981425453665,0.5777314468055352,0.13449881324797153,0.489941896839702,0.7357979447281163,0.6454499547163163,0.5060268894683732,0.9081966445225257,0.5044370522255409,0.8620741908229064,0.5463159585892994,0.7648794867160013,0.11615238271419182,0.39424772660217855,0.4604391249222042,0.5786045205149374,0.9739016646652623,0.3451682158902474,0.9707516482577967,0.999937212883621,0.8929214876723021
0.890421172326206,0.4742283186485511,0.7659373250397307,0.9861275226779032,0.47846814931157344,0.30465252224024475,0.9926476207680668,0.8000341049646372,0.13402248940963035,0.07870018916832566,0.7827840609853979,0.016475088297958518,0.9234495624680212,0.21001475927790159,0.0006614375538500639,0.8866090539420928,0.20865565720732704,0.8604881565631388,0.9298667507190542,0.22861376826137636,0.44472337587754185,0.15985943888112164,0.07066581897135427,0.43850488847961544,0.15873948520057635,0.1269126207925032,0.5957584581369681,0.7169066656585331,0.0025649136721027643,0.004096955229534571,0.851196405059505,0.3801220315265852,0.8584416475032149,0.5612373084356416,0.6604180932582532,0.1433944873977655,0.5180090037220406,0.9859413658058326,0.1759932649338496,0.8613942114968662,0.7911803680707349,0.43342899648615174,0.20744363313760705,0.6392819886415079,0.10102345952232239,0.15941211707610115,0.37017273832743636,0.2896537847697698,0.1638251457854546,0.4232839749111398,0.231334238262198
0.7795275694120377,0.02038726465317864,0.822681394907039,0.37053658181098814,0.7204708065792038,0.4907406424173525,0.11627355306368425,0.29580912680584714,0.7409180360512057,0.2992243021868679,0.7190285794225998,0.6104545755423156,0.9230305301938126,0.7323727673296939,0.060720032984450945,0.7350393668299635,0.8728360427489306,0.5070146735187088,0.6192446281059273,0.31560371516589125,0.8303374204056153,0.32214678465437785,0.058102581995747915,0.024053169788801343,0.5268058513750543,0.7932941569062988,0.11327988179338488,0.6302331550178244,0.4550612873684602,0.4367416817960147,0.23766292684295864,0.030686262443120116,0.8919746534782151,0.8290604781053857,0.06124843994275808,0.11907685872101048,0.9044662852237274,0.27135806867086076,0.12365988413669238,0.9377032722646462,0.17666637238948713,0.8475972410665454,0.9345188831425364,0.9957751964770069,0.398110966590578,0.41383393144357294,0.08710918876112084,0.7207220652056501,0.06729055376526016,0.3090706556120375,0.7376271385099199
0.8912197508584616,0.25837757423803764,0.32152916807606935,0.793935079684123,0.676530330889593,0.24793430946234396,0.845540624350213,0.5803205780188659,0.7306392742811948,0.16891401537912076,0.5838456916019048,0.3656700501484942,0.9431369946942759,0.7630028252896137,0.43623832946731445,0.5718736651983459,0.36601438708203715,0.009670516524577621,0.7642574873210898,0.6967292448209462,0.07999177826507231,0.24325005526110244,0.8896348731031383,0.01810585447093549,0.12677995532701491,0.12373001116101467,0.4460036774721837,0.16223707699341283,0.3224115952261223,0.757148688750758,0.48697070528535846,0.2779945679763163,0.23935161425114315,0.3199377586361857,0.08709980116725702,0.43066807565260323,0.8475776165736856,0.5319887124297382,0.2666618968828569,0.20576661293023746,0.18165495427578882,0.7772240685932278,0.3640225486101698,0.05728002362488016,0.8999499425055412,0.3589173619816771,0.9917345152820758,0.6814229511618988,0.5223054005959303,0.22354417400806603,0.9809264628841956
0.907715126795843,0.3474357025344105,0.8294152878861677,0.2612034405575099,0.04066316174342555,0.6816837217369343,0.6912914362685355,0.8605503535230131,0.3554456305432866,0.332476434298281,0.08398917964095198,0.03776399001987829,0.9052612359751554,0.9483543872177943,0.8728395672899553,0.27685081630871544,0.19424908955179998,0.0061654326866530385,0.7521217612654492,0.20922000193911594,0.3415738380095168,0.9374822493394571,0.3634386319578907,0.21398466608081135,0.20816535722111784,0.21044963515429405,0.2652972215209136,0.7760300328346958,0.46028320629961383,0.225253834006098,0.4472462447401364,0.5514005214517795,0.5362084092684248,0.7781107972846341,0.6307950114526932,0.3593865228019225,0.8134964410764439,0.5041544123516302,0.9742802744528835,0.17575513963395573,0.8325384869509487,0.3501266189193677,0.6323830034363643,0.6989332097246731,0.4877478378445802,0.41588621113367874,0.18137999849323527,0.2907990773473417,0.06529547784132772,0.8492996070751825,0.13329735151572175
0.5077737146752275,0.5908468325209074,0.4124789150205197,0.8843260394449227,0.49731236332203976,0.10729877797632703,0.806090538680429,0.3009260825608826,0.6229481343143591,0.7075652128154686,0.24212453452593952,0.28083570170963423,0.06154848105329114,0.9237344347694973,0.4344493910368008,0.914518842556789,0.5660649421893763,0.8676512704671797,0.4224349068968918,0.23637504509192653,0.9313245350342092,0.3003304473574079,0.43355733236835303,0.00020895565304912544,0.9577147196469604,0.9302610024653072,0.25506762890367596,0.37835509813512036,0.10802349264953959,0.9740674566688127,0.7417022636389192,0.6667022712405343,0.20516437884455263,0.9575561236436239,0.0042798275173974165,0.7836065083177495,0.6251413391602962,0.6275909560207658,0.37084761400132626,0.39760725069706604,0.3752431245881752,0.3843852978383673,0.07777098045072439,0.9049686966979753,0.10586357972946792,0.2542551454279752,0.07517854477648611,0.693534486499392,0.22888548144474474,0.7893575915375797,0.28931165831481576
0.5029230185566215,0.2244485645904738,0.9445347955812904,0.9298528385292233,0.7195774949930782,0.6564460148794422,0.35242200445739813,0.5834178481905468,0.36955103246099585,0.5941697676841826,0.2822941475000763,0.9440545741786439,0.7233931442969614,0.37900939819196455,0.23961407291005032,0.05665915532306831,0.6111645522686625,0.2829758496179584,0.5771269978304887,0.16410866248046718,0.3160398914697067,0.6667698045837654,0.6898122008396855,0.9867307430601262,0.7127906638450956,0.48925162977727743,0.28478625458759566,0.44186449147843687,0.7731741849236234,0.8735195737456067,0.5130270922918366,0.09849748888400955,0.7755421166094414,0.9266613689010454,0.4873870721387563,0.6769830566313363,0.9616380959161587,0.5309787590011517,0.5350953437053079,0.15288963823349477,0.09660979488888533,0.5676212653874289,0.6655779092388937,0.3332681968886133,0.12838806005181458,0.9151148435203537,0.5693745335393673,0.8223119754890528,0.9401876271131108,0.0730864329510289,0.2395466059532293
0.9283834225095424,0.049153518244998584,0.1475788699007482,0.10728837473106223,0.873207088924457,0.48309084888104814,0.8592783107154982,0.6294106237851189,0.6347602862493701,0.5782652541319669,0.09279067014266318,0.11137432582248319,0.18975704094277956,0.21486554409315395,0.34298978001215696,0.48131285355599374,0.8299082279340507,0.17153455569564557,0.9278413463671258,0.6701613100865947,0.39009869981962186,0.8197873319402286,0.2523700056570166,0.7083423819655636,0.05854536909188868,0.29502848653014024,0.02249952502821162,0.18937492224774877,0.7647179031941943,0.027291322855259814,0.24831420287927308,0.1121610862177973,0.8728016694361482,0.1316838463170088,0.9776795067425668,0.7622144331667852,0.37799961421012573,0.6740469754298096,0.1845490212033002,0.5693863770982844,0.6514921931941677,0.961033159759904,0.7451208329421632,0.2967342924652876,0.00730444711596101,0.6919518361095703,0.9295274051813475,0.015888627434888725,0.7116556578309609,0.6534325725055574,0.362366509604538
0.39283222630465575,0.6036571320920918,0.28326306294634296,0.7659367948563484,0.5971232942918605,0.10997355845538248,0.08664186336237267,0.657517978083622,0.7853233134682006,0.3586252773493255,0.6790404512556765,0.6300869353425319,0.18629896654326916,0.0707361523245037,0.9511980167039175,0.11771835578432066,0.800867771948987,0.07989419784362872,0.4212582547307355,0.7688800685931093,0.6105378880146423,0.4275357449427175,0.6275364421329179,0.30693822175891017,0.3210404121718019,0.8451593356656486,0.5348366624545128,0.40142966335186137,0.7665214460505202,0.019806886040103278,0.8505637822443177,0.7569268433118083,0.8521686452735954,0.9063350173018884,0.7272390369532067,0.6170268391530794,0.17974871639868317,0.6438045143897726,0.40704429363997174,0.33931344051790513,0.8647275446327657,0.4946659784107529,0.7999731008912639,0.4179252950635117,0.7408765704163977,0.8197523840763685,0.7311377518710358,0.6342615624276462,0.3961262878661118,0.8254939804704138,0.6428624216020062
0.4036466044542494,0.03265313392083702,0.13725619351436247,0.6078975945469616,0.6994543078573559,0.8012658143235354,0.5381936976456223,0.20303456304511946,0.37685339261512496,0.030669503277576782,0.03324924486440106,0.9013292621506696,0.8046908304398473,0.03405298499420417,0.8408351589834279,0.24024572094812335,0.4535810140838945,0.27089531941696066,0.6066444261652479,0.6216640218081648,0.2944849337543278,0.02213680260454598,0.02869409134155476,0.4838376285440751,0.22959968583535373,0.3857898849081567,0.7045555219225687,0.6795012372321529,0.6474644676408365,0.2586021483130736,0.7944094804554669,0.025692087531645758,0.45133467083514234,0.23602432483252656,0.45865342967355827,0.41629931522863106,0.8648250663245386,0.424959206016699,0.14330615307486916,0.4571087966179349,0.881488844217821,0.5624715035140683,0.4798223154878235,0.21870760680522627,0.08975512904023775,0.31344116875858696,0.9183125979308088,0.1432672125396558,0.03855369476576331,0.42966757983555415,0.7106838620689752
0.9856930950667581,0.4313059598621113,0.7620156398587954,0.9065264579436153,0.7329956355765989,0.9643762928019683,0.9406617067072454,0.22441147849380738,0.5487140040209976,0.18710536833830194,0.6424854865562533,0.16530305473305573,0.7148411932709091,0.16626465886759312,0.14440721588871963,0.8229432104313302,0.06218773781183895,0.7101432983110326,0.5843312161257802,0.6056390302588616,0.562966970147047,0.7186529352607753,0.19197046723824918,0.9116738112322096,0.09840802924217018,0.2642420330842743,0.9357152647791224,0.3184059871599687,0.27553353831165006,0.6281347030796465,0.008778475334661362,0.06481035377526112,0.06016808000252183,0.07835860722683952,0.21785901997057588,0.7558022589704707,0.25983454997229893,0.31207745193845193,0.5520635470035472,0.8253834707990949,0.7821971089548102,0.6004061787438955,0.7863996477565571,0.051196089092779395,0.30341017900576617,0.995349178159973,0.31173817725939057,0.8717523349790801,0.22066789080559723,0.7439797370223984,0.17550961094889095
0.5692840041928569,0.12887092187617866,0.1952116638093957,0.2532864045822282,0.5172710467353216,0.14461273554235032,0.5110679344772375,0.2620147441895756,0.432341089867604,0.4357659980773676,0.15153050707367532,0.48259868234838244,0.3417501662479121,0.24642882777775632,0.6561590491976322,0.11644137243986075,0.08884932329117368,0.576451194828636,0.09574252503484137,0.35986500433027135,0.8097325150886316,0.583133949530917,0.014556148712905448,0.8833463464116352,0.7584178815500097,0.8775119448252069,0.3624539604242093,0.8991502989518951,0.7035268601275824,0.45934923177378106,0.9906650265477801,0.4253385077370634,0.9396075487296189,0.5237789072098818,0.2020409129107541,0.6216228583999992,0.29358671927623414,0.5606309390315317,0.5383711507683105,0.7508757675280412,0.3315915351884585,0.03181354273982895,0.05113746903899341,0.6005711200135769,0.7749682077925958,0.16000691637560815,0.7667271215979811,0.8564118679903009,0.5112735947311781,0.17651940000275423,0.6135326389307659
0.3669941367633234,0.05459738853175444,0.9214857529511961,0.446843543843377,0.4935056234319062,0.1430725649050012,0.3073742051768731,0.8746362570771595,0.8744672301676456,0.9180677471139351,0.1568876491583019,0.979329464373409,0.33569356486891977,0.8160997883691374,0.2027643194042038,0.9990781048976711,0.35942634929868633,0.31013894362121275,0.7428741549737481,0.9950034685777994,0.8372054290270814,0.8218132552919312,0.11509420331290221,0.6314232599752828,0.8181933861023941,0.36926859021689384,0.9333644330125063,0.5737449093374777,0.648286474144771,0.9336386871945642,0.8231843786549634,0.020651613140973524,0.4593247175793711,0.27218085450167273,0.5822523368271482,0.7651699417280673,0.14606140190441286,0.21591513706221732,0.2967438581798396,0.06211662972037846,0.0703653398955435,0.9504958379903679,0.12684192640251357,0.525143087522463,0.06573265492876057,0.5042291007146417,0.3537533692952395,0.07095403397508582,0.30379203553281964,0.7979376543856954,0.41791082659557466
0.014431475589934073,0.14439815000955336,0.5187807499019789,0.9767142638994644,0.22785985034477063,0.5416962991497919,0.07731766707247001,0.7121255895578507,0.505969044342346,0.12762893554354604,0.0615826441301629,0.031617618860873664,0.7772376038779425,0.49680956314915103,0.9750044628926617,0.40737613256915794,0.37404685606473387,0.9104271410187132,0.4481835249185001,0.3298043508624652,0.8729761415834757,0.9107238421680708,0.7193034746658973,0.9513561078711172,0.4167381289595936,0.325850648095769,0.6007777024085115,0.6593321365549629,0.2939078101872583,0.16772503869234723,0.032642737540609645,0.4729710287885177,0.5191454642622784,0.6482720855159418,0.5758731499088079,0.9001385754813259,0.6877916468357949,0.9443903114133321,0.6029093771569763,0.6227841398018651,0.860405395517088,0.07264258340362828,0.6657789744650833,0.4402647502209639,0.8214861746798862,0.2317000150851699,0.12211976622119425,0.8061942613054803,0.5180624530026183,0.3088930012470239,0.29733128581652923
0.23664023419980895,0.9890814172127018,0.1541040596226152,0.3514927620561231,0.35926507762649895,0.17225713907151807,0.8166049142447099,0.37914490009909685,0.5641882106480386,0.39810475494720177,0.5628881007098232,0.45042145248051646,0.18347867288699016,0.6712455342856175,0.2966607339763344,0.6494672590419001,0.18862431184914408,0.8269696603916543,0.2691059978770447,0.8467822769490849,0.5063514060053945,0.10064263581431743,0.26570799306171267,0.7625860887547797,0.20183548512919525,0.38857298316201405,0.4726681381275515,0.8008246216445148,0.7139540407518143,0.46998579038201393,0.5879883489362325,0.4203237664890421,0.6560304628431979,0.46174604348088744,0.861265668700245,0.012692595324863332,0.6003785145236515,0.42796606031329254,0.15029341614341984,0.747956065672266,0.07202242398605319,0.3166016067202917,0.6346082700659522,0.5138366892072748,0.8449553467516738,0.056637801082804695,0.8270469855016035,0.8407354985579558,0.18906271955272924,0.05128291456593148,0.21764900725198744
0.028104287048245524,0.8281549406501154,0.23511028561125136,0.8365027367174003,0.5496654840407394,0.1463054898503171,0.16580143402545644,0.8441823147363173,0.4345076308366371,0.42789873773777765,0.5848630792576264,0.04502540316013248,0.4380055172588625,0.11718249222071386,0.5812479195090732,0.8522377869587929,0.043368346634166666,0.6430538410505562,0.9006582129642057,0.1648880490018435,0.8520581093982232,0.3552271045120642,0.49081573550901314,0.699936236170931,0.9850816756074209,0.3160420680961632,0.38083542638976386,0.1683367432051337,0.9289756773136467,0.4757002249762353,0.2148709923760178,0.9956932788526267,0.15901935120771293,0.9835909012499116,0.9514395328522113,0.19553834930310487,0.9377011156137853,0.0713721152005008,0.34661531750279717,0.7636453050043068,0.2985144166611804,0.4201741852969718,0.2988428530362848,0.7328702020543204,0.04036596481872656,0.03129859381758693,0.34434174958181707,0.4291941957230683,0.8892404337138393,0.5169184327201605,0.3502207638606575
0.5264266887795532,0.8658034556628263,0.6308720841565518,0.5938563182949425,0.1685321521308647,0.8812957286735806,0.5182648945148017,0.30251567613436603,0.2955175953420094,0.5791528392296295,0.46896357194924054,0.4798830190941168,0.21051085566872796,0.1536876041132892,0.02460925994611418,0.9901306150573155,0.5042266824041375,0.48639651454661503,0.7336760514710461,0.354365333935704,0.09281856794811083,0.6412443546041118,0.6614761392337329,0.2514245318244628,0.601793997747308,0.07503260117079724,0.5738459185104814,0.30431729929974705,0.6058621472498017,0.9773012340158869,0.4745030777443576,0.6501061646427528,0.9735306317269098,0.9394131690223656,0.28907895743612555,0.06139875784312909,0.9738041206930416,0.5599798468012119,0.8855933629251296,0.7741504367693036,0.6873510005684226,0.8847763066151225,0.12895671957756671,0.5478627364238448,0.31938027523849866,0.8201537042202378,0.6156311909868688,0.16421795959979169,0.4258067659972844,0.31289457704110024,0.4604043636927383
0.7472887564881001,0.1027297964732653,0.32636934706621323,0.6768688653074728,0.32484183350065055,0.8732328812687528,0.820241673193778,0.4444067326064871,0.4096197072483476,0.5650823849204738,0.8842759336757121,0.39445807984643466,0.12242237073438222,0.2648825469886026,0.8351065535419221,0.18795398845704914,0.4638087845282477,0.00028039129482959613,0.27093220737068713,0.5295185082494035,0.6465304803316436,0.12805798309185923,0.7489230463522819,0.9428682707881816,0.4381814706465821,0.3117516695409833,0.8981756639477693,0.294237321126128,0.5823266945546602,0.6828540918137853,0.1598152276350039,0.48734051074176854,0.6575202607001728,0.7179859810103563,0.8981453435220833,0.4673769134508988,0.04679204871988141,0.42799392316711793,0.6712585239321414,0.04562486753341466,0.6341298160380903,0.8705728973465571,0.2743493279460322,0.3417258199887948,0.9053636523070709,0.9736612586206432,0.3337116614163088,0.21260961124142608,0.83153517575071,0.20207659081392737,0.3761819964246713
0.19183716340602053,0.5257562521122291,0.8791058555605274,0.8629574638181295,0.011320298966809195,0.08667263797786684,0.13143110723096552,0.34970991280452157,0.3179466325180511,0.22977003039016142,0.26041762068619856,0.02613575383927569,0.47635193756988303,0.41247474882237967,0.6292855741875253,0.2143579435267644,0.23207305132533618,0.7255332803553157,0.22999994586897432,0.6572769315631567,0.5276505233316189,0.9455473140780574,0.3378310904167001,0.3546596220407009,0.8608443986904523,0.8494945016361444,0.019609561051082025,0.7494760142159365,0.8828272351884155,0.7327256959224391,0.6153880616231208,0.19051647554046047,0.6308026503786827,0.12484735659346358,0.6547613563665403,0.34377890527626476,0.283434987974972,0.8509672179345553,0.40269275891328193,0.900397295491635,0.9661622715759849,0.1994033497016947,0.35596267127481374,0.6809854355532932,0.650125984132325,0.9467406561693066,0.5512464213097309,0.5116522943227834,0.46280475216613026,0.37159839421030305,0.3210267454667053
0.3424730318327167,0.6973325024856764,0.1143112273641198,0.6633323121153719,0.16823828826649612,0.201756515550646,0.701299054980276,0.9671154103102877,0.7281301939523714,0.5847576934532845,0.7836025120842587,0.5023068237884849,0.9732888535304639,0.42742421549200316,0.5153876604098915,0.13138512938988123,0.5334676275862722,0.9870952648095908,0.24116894032388736,0.2184509711648862,0.9386003665324957,0.4718464052589585,0.2723965001193718,0.6214755605928135,0.9708441869114633,0.560483833011646,0.12213423581745542,0.9561545293478662,0.44238577945433843,0.6094641408008373,0.585921694177641,0.29315992583996076,0.01159216261046292,0.9475634479419663,0.8476188202122042,0.6280667278844199,0.8326597209006678,0.7784395321228409,0.16437708015494545,0.8181098326263672,0.8411687406073455,0.9706747465867765,0.6595773765091404,0.9269882225114411,0.38179378245341666,0.8481430082302039,0.9315644514758029,0.2358223536003834,0.7348790505709044,0.2134028732416422,0.34138498595804356
0.4583455564421639,0.45385553910959664,0.9511516050589321,0.3764475833820483,0.719011443673231,0.92313699489121,0.04765024202351931,0.03553497805068684,0.7984726783062704,0.10853138555789543,0.5890426042550491,0.13399896599198913,0.9272894781031107,0.006499075738919724,0.5194528777245855,0.3617670014184643,0.7405480802750853,0.25187567892518126,0.8232711081720421,0.8616505711142585,0.4645768435098063,0.08121241157259207,0.9537040461630338,0.471319126215359,0.7429066109869994,0.6523204299505981,0.4292858798942679,0.645449765570583,0.707847510045021,0.5581468543427334,0.49304432751776706,0.18723061638422278,0.5997642340692001,0.7444652656652004,0.26771121322415004,0.13353589008277011,0.6955976453301134,0.38938272871810065,0.9951590414155852,0.5671896829532829,0.5571709686508902,0.7963349151136957,0.42656885657368593,0.40713614061831327,0.04367907214955846,0.083007671423735,0.7722842721649416,0.13673131827057894,0.4941004123634255,0.8115669190012217,0.9666101131179112
0.7895122927081452,0.9442471428377376,0.10675081012068999,0.5238115997000473,0.40938825603098294,0.4622577702313577,0.353357491102565,0.8575136452839119,0.051169916917981006,0.37502851887052546,0.6412366866902299,0.9505485339481669,0.22983401177339458,0.9403943417877205,0.9260353788153537,0.9464721270669597,0.3877693052580832,0.5485347164586084,0.07026580872116295,0.8291863149425059,0.46136948195978533,0.6065856955958513,0.04333474809747995,0.4617795429705349,0.1315929599611917,0.6726637150691889,0.8428453672563805,0.5198443061579229,0.14435311143067342,0.25620463131459903,0.841370953110358,0.5427268594924217,0.027351236409175583,0.4889765542319906,0.8867601394877124,0.22171412539557733,0.43983853743271006,0.9084460332022248,0.932594400538084,0.6530726071193599,0.06280306842607442,0.6257741550361626,0.7726653810549824,0.9947576580616119,0.637108774652833,0.0277221186671891,0.09665027022287198,0.05173712647441653,0.9871110218463288,0.6497114515856424,0.048544212760622596
0.060992324087142946,0.2812528632941733,0.4000405316768072,0.1310205274862818,0.6304419810374531,0.9595196109651483,0.21377691240256058,0.6592317063178726,0.7671030468397959,0.06927430569099224,0.28074900265729374,0.07721853350882424,0.48563211792710526,0.5339789453568152,0.7506025549060994,0.545173663418458,0.18179720414298783,0.7933011005247091,0.4107540841467566,0.9202014960099254,0.6801368073713386,0.9609813408182291,0.7193723751806658,0.004148054476823537,0.28794888193983337,0.613352307296314,0.9670843688571287,0.37395117258235444,0.9955479451507496,0.400414371523783,0.7423014148586511,0.13729860939707028,0.09675391858349691,0.9718244802836331,0.3088762518432244,0.45569582985267987,0.48706655386976805,0.526528918861158,0.911561387887662,0.6071374136252168,0.7044428058106958,0.7039441533427492,0.5644462218738949,0.23446266801924798,0.7145215920707908,0.41241067632016737,0.8905008705984785,0.7708499531632749,0.13436222836550882,0.573465102641378,0.11604433004968895
0.4325388573380631,0.7100697102978742,0.048525244153210134,0.5240975520410666,0.03186990054667316,0.6172720167968049,0.5101650270885318,0.6137928566567838,0.6858470351948174,0.464772065363948,0.7841168713927765,0.1746932441623964,0.12515156971687358,0.6306647238615849,0.8653294896537016,0.5083264764368438,0.4418085940388252,0.5567257751320513,0.4419719328118664,0.4886090796018623,0.7554112857037684,0.8995940285116477,0.14354232559047697,0.1281503219820509,0.0425330191861204,0.17328749903142138,0.5128432727474318,0.3103567277507533,0.42765834265753655,0.2501114940388375,0.9708858030830757,0.026717756033132867,0.44855283273704794,0.7672848187203049,0.772004396566861,0.6506893486731755,0.3549694319172306,0.04982603133082175,0.2649741536904068,0.03776165459320624,0.9016898950567827,0.06444056823370303,0.08442387278467178,0.6679733299382605,0.7543759667565189,0.14034614177823013,0.3869528051531721,0.8741068135561291,0.06901230868826169,0.4732437463533762,0.9310531914128858
0.3786083731924236,0.38663171378064654,0.5160215226267207,0.8158287591552306,0.3260302771606223,0.18352107077072888,0.3456070554865952,0.7696652218518296,0.08594783037722975,0.37207359372168225,0.8898158720887231,0.04325947120655149,0.6246392446926698,0.9607719880942662,0.633637287764395,0.9828956627180955,0.2381426080589234,0.20968432880287025,0.2134244576751676,0.8064975886985961,0.21901634839287754,0.6836553935769247,0.18378855773528968,0.4811767502235166,0.42380248789741803,0.26138356008515073,0.12137854865038933,0.439511077393572,0.5432239741112325,0.10849533696551794,0.08961419471068588,0.18574708478944124,0.8337566732766025,0.6455542209914913,0.4578736499713054,0.6503609282952155,0.1584849350196672,0.892657226472493,0.23475594995583215,0.2296697024816594,0.18249176399316958,0.3849757413205247,0.6628874789926688,0.5868297605369143,0.38985318739565744,0.16503174367535756,0.21467395743991735,0.9523349127966265,0.20275566509267906,0.9140667457244522,0.049334817445057744
0.793467587044126,0.21902283527199862,0.551413921287186,0.9765904342370417,0.5158768688193202,0.06466239254925377,0.410939970914898,0.7323889170733073,0.999549456080201,0.9000935529413283,0.5354714290188191,0.11340810722269645,0.49789253519041143,0.2666330423279556,0.08041612884774774,0.15164649495607785,0.8482908468395151,0.5554018650954214,0.49842360196316693,0.08010591976338655,0.8668772976382935,0.17403554992845516,0.5586410694490979,0.2184757090687537,0.17905678478484233,0.970777296677797,0.9353773866936598,0.6167853440524854,0.6765952333752187,0.25384394338625604,0.23103703930805763,0.36216678372081235,0.07269431627654632,0.8391962763270996,0.37955644628837915,0.7468109835419244,0.2414397467610424,0.42957156002050334,0.9505504034754853,0.6548546823810372,0.873928342444345,0.5297365338229154,0.4278043923250515,0.035760958001389676,0.9558015868503502,0.4575918564845025,0.16878033028614892,0.6276079310187463,0.3899406231025565,0.9998739201011053,0.8993438610229351
0.9172105191177012,0.31215375279364466,0.2388795487390768,0.3417901267039075,0.4551811651097678,0.8292822697264985,0.673750527703785,0.24857686526301992,0.7282532130026022,0.02487786790744284,0.9149574844696454,0.6893546145458351,0.3050512841014995,0.18904135018838897,0.9364455876312356,0.9638445566715932,0.04345311686253006,0.490765902777046,0.1788660317684827,0.6024655913500844,0.09829172035726463,0.3147518056040923,0.9721361849659093,0.15644708667398532,0.810873196993431,0.09758602073339895,0.7233414152136033,0.13806874931250424,0.9295124076453243,0.9982478037674016,0.01024829944081751,0.48922632278795675,0.04074893754436659,0.025226252986856768,0.8750080441029198,0.4336236084950935,0.7897218737035115,0.007689814275677942,0.7327100641430263,0.6107196275050348,0.86888839632401,0.8860175527243898,0.6497998701028808,0.7241227343993154,0.41908011414215385,0.6065365814901479,0.021589335925834563,0.134000454499823,0.07527951556847379,0.5752856658469657,0.6386289352047094
0.9823254995112274,0.9798244710732965,0.35196904425295983,0.879894676371667,0.15870564818078736,0.9156572167810346,0.38349562284272054,0.20801876035926814,0.4697401841080856,0.1979691319167174,0.895431003702462,0.9651586018860918,0.0017716329480715887,0.05315873650412406,0.2136519985561045,0.10466867284627235,0.1965870103600863,0.706988672115646,0.8508052498622221,0.43549298262176805,0.18070524089943374,0.5172949772886212,0.5040143160315372,0.9845005636827225,0.7894707503477171,0.34365272262633073,0.17262925378603444,0.8711218783974327,0.016127926584577623,0.2954048973620207,0.010935498973668634,0.721617216244261,0.9609368464496744,0.8128349153597771,0.36134701498033983,0.6680840280554512,0.19704965854583023,0.917467696526157,0.35362416054812096,0.4897198450237089,0.7736140983303879,0.6467831532180168,0.11035624823212198,0.09923990492037593,0.9471727692888235,0.8739758035705377,0.7537267790495064,0.037845282204248765,0.3985411782794229,0.21241303917393795,0.7617680377666204
0.5816454730206864,0.5041633302616619,0.41895281675174345,0.6940470265079994,0.8521830107125261,0.3384424441758269,0.2730873449967113,0.4807630500110732,0.4239578652301085,0.26250538706930904,0.5819353645382584,0.8508182509876405,0.3366830160279266,0.4129495190512348,0.6444933306762498,0.8637224333116108,0.8429373491061962,0.653866448306225,0.285957188500666,0.3447811049552425,0.9080836352244638,0.40597906172443443,0.27817212742310926,0.7492257262606249,0.740543118323056,0.7151497668335,0.8528161303475094,0.24041493229375843,0.7551745960133579,0.7631509105837765,0.10376463650038281,0.7825837419924517,0.11658664496109195,0.07694567755701642,0.34181009518310956,0.6743711966320112,0.1454244878716906,0.30523839688192267,0.25209865714640944,0.7431563994343896,0.02917168427026695,0.20409713588388034,0.0795648900704563,0.010997037571944035,0.9964693275357894,0.8096266589898913,0.5268123675398174,0.8796536949733758,0.6881526844584567,0.7131857793493291,0.2225670035872125
0.15462239027318547,0.5069699636055056,0.7172979510764071,0.1802933218388314,0.6813530766955587,0.015164067674224846,0.24672518496037,0.9935699629148363,0.8406675475433597,0.2540571011194692,0.5219541112030405,0.7126088493941455,0.9335730895962624,0.9532898407917794,0.062051247605097726,0.24072531524959684,0.9300058957964614,0.5090046342214571,0.6174890049628571,0.8987972828603198,0.9265436434983959,0.38096679540241873,0.6289330467827974,0.4520468888244188,0.49536398798376935,0.7084357830894417,0.21257786989456662,0.46213450383101307,0.28217246281932573,0.8252731266825623,0.40546143843207294,0.7056839769122271,0.9525390654511716,0.807139079863998,0.7865421671130366,0.11377875894070977,0.9497988980708684,0.3710151686125318,0.9844150844020612,0.1105072734307273,0.6386741036820532,0.6656589813548865,0.5517678882132497,0.5884348310655069,0.8208403626545278,0.8079443217146848,0.8407346295929674,0.8408659569535564,0.10197330368261659,0.28534628657526484,0.5095289245819993
0.9150779462960498,0.7762893984831368,0.7778149899161501,0.7396284844189288,0.7807618128825287,0.006067158008120632,0.24976016131480405,0.1329079506099018,0.28763952082131283,0.6598063328673539,0.45667507375551497,0.4408525216968745,0.4784062942714672,0.172846244897514,0.9929170243700701,0.8876218577279952,0.9629703637647468,0.5706419439095229,0.44066273700126035,0.7584955723377975,0.3114277753179594,0.30932831284869444,0.6589219129870036,0.22976599563762712,0.07874562825814235,0.46922815552159647,0.3853923885173254,0.6153358786978474,0.8159050154096215,0.7508958866596438,0.5704846286345959,0.6972321910559591,0.4144883529828379,0.22308017953795856,0.5780445625047326,0.8765316038642251,0.0054110510991621785,0.34897369704043857,0.36031726518796037,0.12920068190939227,0.8258363268823985,0.96023983264447,0.647918769867127,0.3568565906239084,0.5692485274658312,0.16367748060260745,0.6163591129059057,0.4252700872419646,0.2169005112877167,0.49984580840911974,0.4400050666512143
0.9253658279716676,0.043896876844599975,0.8107237711232151,0.028247273496597836,0.47306706526247677,0.15713120749845555,0.6918986639860435,0.6149315876233473,0.9411608235617295,0.38899175202302116,0.2617598819112782,0.2696567241134533,0.4299434975296629,0.4219862533558485,0.5990001332752616,0.6987952543470195,0.5488231294065646,0.21263628376311616,0.136558922506672,0.7271393077495836,0.6073729906354949,0.25409825735652936,0.31165859674003005,0.18470415149641606,0.6982301884917667,0.8011674315445491,0.796033747211529,0.12372502395800411,0.32331325999602534,0.380295137308875,0.3019624914779704,0.7735070574293771,0.1918256361720626,0.30619726117740664,0.17786907818192543,0.5288157910364761,0.4257154637737032,0.7497409949158526,0.4203830218535355,0.2656878213174433,0.432325654645468,0.06862734986880037,0.5669282562491791,0.9229229965577004,0.14381373382597584,0.24195173248875335,0.054625083210394165,0.21341299064023833,0.8875813879788824,0.9933649452764496,0.48499422385017166
0.6868895728224973,0.27624331655961787,0.8426715674662558,0.9718995696936465,0.5510434342386785,0.3153557682666588,0.06948667701572808,0.9902186791627372,0.7502359262950374,0.6197176189685212,0.48927102247664933,0.14184687193715795,0.9801364154712576,0.5477398329146457,0.6184902029732073,0.6869117334615508,0.6939633799634295,0.9843293060669897,0.6816806151725134,0.3779347861730018,0.2724716913630786,0.49202175861041997,0.2580935953012874,0.12462129904560049,0.7576128737593419,0.8726497673731524,0.2299205928389143,0.16042583863315563,0.8311757876735963,0.36960462778695613,0.20182829698720006,0.25203987634567915,0.08197938400421112,0.4973480019831309,0.7563664827087413,0.7817366779278153,0.05714821456246355,0.6296001835414531,0.5155904033255864,0.25621883355101427,0.9300070427372069,0.7624897038608472,0.7110252065834128,0.9930452768777349,0.918068241814813,0.5789415371021235,0.642594431660321,0.6628081365569559,0.15355404543127626,0.8298502768280092,0.4697923536568728
0.27732886368860776,0.7496823437274481,0.628674089625511,0.6142614555955628,0.41289454509714474,0.04695597869484802,0.7706897884374299,0.6896590146124936,0.012330868066683709,0.259714936312061,0.6608658867469639,0.3645021171416448,0.29959911227574965,0.767418952192752,0.7714169670774647,0.7326926058934159,0.9824860848947412,0.09738539724913609,0.6695884069159824,0.5130532976636717,0.7610472605738435,0.1650273871276382,0.4689123805761365,0.46593492426127214,0.05388041274025701,0.6977449079891881,0.9135395651233409,0.07134972762965475,0.7229465899815601,0.739809385433477,0.5054967683675033,0.8564375563938948,0.5738187155365744,0.5301763212425706,0.998272071779212,0.07455935773966282,0.7417317536398014,0.7227987049996253,0.47666675604631004,0.3658699210486126,0.18628982352244028,0.26759265295168577,0.32027767020061637,0.5546409985478371,0.3299399422311089,0.2694778772530837,0.36030980305701876,0.5666925883390471,0.9925795464553953,0.43719302471072985,0.07404780090690011
0.4503106286632612,0.5711233214268058,0.5078162816993999,0.4889527128388942,0.008046766823376461,0.6359909477632866,0.8887453657473715,0.20732849893972982,0.11350946237780757,0.6946100242801616,0.5402435598855808,0.10751231457521027,0.6677875594731454,0.7366780855633694,0.2245824378667558,0.8368226281476371,0.5872741632762374,0.27387022845419284,0.0374048774366621,0.1999113571942478,0.12137786527993866,0.03440328707842033,0.26407490236391495,0.5304956825951094,0.7402811528707803,0.9742233386268733,0.8141170743939331,0.5721065270319409,0.44055152076322834,0.39881307517264764,0.048501736977046406,0.5090117072328944,0.12621022400937887,0.536151506893665,0.032440495625864596,0.9664832053793527,0.7076978085057453,0.9683605514251973,0.23840735126737145,0.13852811289442313,0.07087051138586475,0.7137547325576458,0.6355952060851217,0.9311320260656243,0.7747501737384717,0.4642452202731625,0.5342566505677363,0.6031155178812205,0.5999504112752909,0.9460905431026103,0.2590453822530595
0.40943162757868745,0.39715880761162015,0.45085548453619695,0.2031264923635301,0.7212864029813347,0.928379817366597,0.7642228320608349,0.9580406155091864,0.2792571388781928,0.12508616162156805,0.06302336217955107,0.7760252677659945,0.6060224144961569,0.7781144270017037,0.38115995716702844,0.03309366648917067,0.779655021194249,0.5072093047266818,0.9545065817384406,0.8968736719990905,0.3599337121138433,0.9435691253701413,0.44914369241961793,0.2594504941337129,0.9500869100196456,0.890934394008566,0.04218374386506596,0.9917193336890163,0.7426726454519187,0.7684899145347786,0.2957888967035923,0.758030830919028,0.8288337987366651,0.3930347733928037,0.5754742386967128,0.978762790519073,0.45363532305964893,0.7140571037393995,0.9924512677949622,0.4083790845032811,0.5690367238545209,0.459037370943825,0.1656013555094702,0.6587117231379175,0.2017590308694026,0.8417538505002008,0.6431437121073208,0.9932961716964747,0.11613399208907649,0.8793110031270706,0.8206846640066937
0.2141604545060949,0.5227491607614273,0.3871924591348964,0.33624113882022,0.8569851676250153,0.47890572765775485,0.442910639368018,0.010460159785346979,0.951300763527243,0.22344979914610086,0.6748992549404278,0.10304680956643342,0.7775624965102501,0.7572151993275945,0.3297132391921792,0.7964529595489724,0.8955821003978743,0.9429597406356128,0.12102543052137293,0.5443672753608747,0.5563859106641529,0.30103503162716605,0.10666277681612713,0.8164466475626596,0.6480388355884397,0.4128940668002741,0.6653922478334449,0.8757331565725127,0.5260038678397916,0.6046206475133011,0.553487519586042,0.7528902138281732,0.1727361309765838,0.5058917389482147,0.7841031023767542,0.011772896994580506,0.21496694836457197,0.5883820597982626,0.29804475125334573,0.5639744270651255,0.17085217749225423,0.684115373695838,0.9438281116932603,0.7889485700451511,0.9991000141442163,0.26131765117385886,0.15056071090263068,0.6305034499247671,0.3433817099223452,0.6507535135142629,0.27388913718355545
0.7345126093661466,0.2679074869726623,0.7295428307643,0.764756772805337,0.5704260372149362,0.48058421818413655,0.692334937537215,0.468599172732736,0.7488024571580782,0.09886732638602225,0.6627983525302027,0.7719194849428445,0.8506899079837505,0.3308901638952779,0.7581341458036903,0.7711001518801762,0.13799069494239757,0.6204226813575681,0.7141531714063394,0.2195388689923049,0.7407431499124505,0.7802387746627252,0.808661345735635,0.08939638071724998,0.7019647438709165,0.43670143183002463,0.5379394464202698,0.24021180105060513,0.41366809411294103,0.00475961833195282,0.2303695243847177,0.04184231481065093,0.7741074446001484,0.9303325444731932,0.6857745022323024,0.27375240775695375,0.6088865966274347,0.9871781727814286,0.5894509492427183,0.9900917238507564,0.9540471557221171,0.17762470762381422,0.11395869839741435,0.11384657142847687,0.404915929930007,0.5578793069925506,0.2966280003101591,0.33755356301312667,0.7062474248907236,0.7805241550913407,0.7349122167592781
0.7603026299416544,0.0998496549978709,0.9741224823614489,0.601003493968006,0.17729420434291465,0.8050384572561221,0.13103816042725536,0.1534261205537768,0.09342228266502484,0.029019228121963336,0.7347212038996882,0.38090716588191953,0.9429862293807392,0.8894398701529097,0.7921209017613924,0.8377880509305153,0.7954694307366776,0.1305189933447557,0.4660666998106381,0.9784566651277573,0.029912689526668257,0.8583252074314806,0.9207578920160736,0.8533261376618908,0.5656497907338794,0.868198696930004,0.496356331476137,0.5021529416998893,0.9368458973831466,0.25626290338059166,0.46532802225138437,0.0002868792399596254,0.6957405543979014,0.9261186301503946,0.08804323324194097,0.1475564818504711,0.14026678408847282,0.7985608980642699,0.6731721228314169,0.09138582510181337,0.22689954230587273,0.3789502600400312,0.2133765461535454,0.4415128244480736,0.6022657640227034,0.38970649792368606,0.15183391046818484,0.026248696727159793,0.5558367838981246,0.5175684357634224,0.9786241179346601
0.3390296280129308,0.9541847968808513,0.5202629251882495,0.8862275242681641,0.6788377238416802,0.1816924232968764,0.20357420300283913,0.38895612510053124,0.8262750655346855,0.23028145457450155,0.7082017074344849,0.3771123296278157,0.8619084413804694,0.8043139198420908,0.29979466568579216,0.552437359060884,0.9817648600974108,0.5177283672749468,0.5438829521033351,0.9439296836708801,0.10270997044577279,0.7588699655998771,0.5413526309428078,0.050659733419169184,0.9085346866518166,0.1376225185569091,0.39268092960623024,0.31310921627074306,0.7841315114958876,0.39897918427507506,0.10452383363914575,0.023014094472777802,0.00022330273011050839,0.2475245953124252,0.6433385383494856,0.14921579978692523,0.2743314669240221,0.23962781429810898,0.319838546908512,0.7315765343201766,0.9772280433032934,0.12544380219066342,0.1858528980621751,0.6873408753422183,0.5186593733368282,0.1956649506662541,0.18123092630557747,0.02107556043362091,0.9339684476301782,0.28862794752408805,0.5182052366241848
0.6829131597679915,0.9484082259698369,0.8474348465237764,0.41053521371757407,0.4790680669005183,0.006153152004692464,0.5568092762432765,0.7076144362238997,0.6847419158018911,0.5450565577327713,0.9547402972038295,0.07457344489485973,0.428484498787594,0.08926981205047757,0.13136692145909412,0.9917517890515272,0.5709841468368022,0.25768064672223634,0.4626716291012768,0.09945193211078118,0.5599011809388021,0.5671416282840054,0.7689436237852585,0.08283774099430807,0.7749462963855533,0.9527327859531559,0.8550553556610069,0.11445841824396219,0.5184722667528731,0.777346930892691,0.6524049505938047,0.6637337722903032,0.9980996997324973,0.8778377315537546,0.9080602267046276,0.15820548022278524,0.45139911382890185,0.8714674685803223,0.7551074989987501,0.17114873129756458,0.9576741239968919,0.23429646057843956,0.3413662167232153,0.2212798379829113,0.34614228115750234,0.6927503510664933,0.25727424141225996,0.19279176746343674,0.5468261745509061,0.138220027192129,0.2574411625353079
0.3601216971788984,0.5719537986221219,0.2361786675019636,0.9986577937167096,0.7186120365107115,0.9020294258336345,0.9749661286947943,0.8231014933797689,0.7098772799586924,0.9514617650858321,0.06144550756009004,0.8993822006240166,0.5432150849266939,0.7012909317044902,0.6796502151779134,0.9303643509187478,0.9525139424723997,0.8205623299371277,0.1508187778354385,0.694409182196086,0.7317216193918809,0.15315049090048283,0.655797121498998,0.9788473285282581,0.9985210519545827,0.5292844551870386,0.01636078683133435,0.10711215674864061,0.9127268933928556,0.235402946089026,0.1309162221600867,0.9428316808918958,0.9172545239762008,0.32198648287193776,0.525064103249158,0.21827946416512767,0.27640111122147926,0.8616165502504288,0.8436623361577806,0.8028438546787493,0.8007062719394052,0.07873987684427453,0.19726326579971443,0.5020469817461644,0.7557430103175009,0.6246797614421817,0.9029880739873871,0.9109480012456787,0.9079043877186151,0.1267418458282874,0.34518842205776323
0.032989499348512696,0.576792424294129,0.2517051922685113,0.9086400060961225,0.30553721759695895,0.620323708361738,0.9810941409903824,0.710315342109427,0.029899156340861377,0.6668125050848304,0.9758620190282505,0.7974481628411451,0.28424420071982925,0.3045303476561305,0.6480870325378563,0.5568723749865555,0.7785609554452878,0.6560811285035069,0.39470848787772717,0.22994305233948575,0.04940158639743186,0.2789493655187707,0.7839898443792647,0.174887504537663,0.5107979069049509,0.24540869554182565,0.035883964610655794,0.22845021673574306,0.8950422287004665,0.9875038417886269,0.7918922036792583,0.692124367177103,0.8277468018617257,0.15829597322729205,0.05672522142053393,0.5689870809616517,0.5020222903067065,0.6186085632411094,0.8245646712952251,0.08933818464030219,0.38722612590559646,0.27516435920862137,0.6826402307405249,0.045585451481856554,0.0968878522346206,0.8413304799690485,0.3201365029802701,0.09334024409091657,0.8230909871311971,0.2623646535336771,0.20253600802512672
0.1018840757812608,0.8513734834594464,0.7474562627254271,0.11773292570335014,0.6381306524071834,0.16952695077421087,0.0820906778205398,0.994297422668779,0.6283395131923802,0.5624431721209919,0.7496012244577147,0.3298511595199318,0.5754138525308792,0.17675154458610065,0.6267993361418951,0.7655239537765602,0.7361049903092951,0.7422748683334148,0.9865527642253559,0.9101470933775511,0.3161600738436213,0.07450667924777565,0.6907474311847438,0.1710027254924592,0.8271475470664534,0.2289218382366892,0.6613783443947245,0.8584732433656025,0.8553593514199842,0.4639818273079712,0.3757287890175931,0.23280875261432943,0.3194668579284715,0.9382059043620848,0.8532320226923013,0.650990556294006,0.7626852015668317,0.3759872764010185,0.16114682885689346,0.18105611434594426,0.555845037451957,0.514354465276684,0.8681570141188131,0.17017636923073287,0.6579927018782828,0.30043147251498303,0.16926590944537812,0.5911180399248306,0.47945279505676097,0.7828311557808214,0.46787516307477484
0.7399693369663919,0.27931608181865464,0.10997785939508953,0.34265007500837974,0.9069582849462189,0.4318342244038289,0.4568901374179096,0.8709970633151098,0.460998229415553,0.547031636532408,0.7204001209528761,0.16692403084452,0.9632900550135306,0.04887823122820367,0.777663513532873,0.9257329516114325,0.7550821001411313,0.2872377438334899,0.7018036926106166,0.2922611262680541,0.816062708426594,0.9891977150286908,0.9371722574567455,0.8793628281321235,0.9701895645133953,0.664999982151368,0.03730776035034711,0.8346632938779132,0.5956027180501506,0.5792181846732518,0.46278464279254583,0.4884636825685238,0.3335136026055665,0.5724503683119266,0.8172726080984383,0.8752008854466893,0.6376137941680469,0.16328231795771253,0.6727652169422328,0.38330535648175423,0.43882856033636375,0.1659461198593054,0.012234353414174559,0.42751613621735274,0.31179209033856947,0.09640936118720145,0.5164113771185863,0.08020198496786934,0.6031627416347924,0.7674303531028367,0.3870752882129582
0.8689410343435654,0.17708035550759427,0.08778065681414882,0.6495967213135,0.0748514420813714,0.2029188686604967,0.6013022569392983,0.21252974490211995,0.7660914690784387,0.6244722834020773,0.6932891427695868,0.9054050039143255,0.19755269496146355,0.5391212269971971,0.09497131944615067,0.8985583289429464,0.22193306605122087,0.36381675558487914,0.029875816006183165,0.22668874846402765,0.07969091760654345,0.7709150425822437,0.9925893693428605,0.15899357852979323,0.708536643932705,0.7139279913794662,0.6456751046541308,0.6189677481040257,0.9832340376874114,0.9904050296036593,0.3260977788198588,0.38311158360475306,0.9483056384358496,0.8964568098035868,0.5869260060138063,0.6924008281583832,0.7949418228577954,0.31156321369625817,0.7398438097392099,0.059564212384673354,0.9695823590885553,0.3047916366475588,0.4601963898024616,0.8389049691428361,0.3106528791309452,0.47853978356089866,0.5805842787552485,0.9942377233045154,0.8356612297424026,0.3276446259285216,0.5392026621613611
0.32918360272979375,0.8964701159430634,0.5954804686757067,0.807634206339233,0.825771964161575,0.540019093811975,0.17663070969921857,0.4895441425175536,0.28025602127972626,0.05765819477650258,0.4111674182630848,0.048219904838316396,0.8424350082661661,0.03445119596855817,0.21110638119820335,0.32190424187080746,0.7206964374801182,0.779883844794059,0.3004926614192128,0.22116080391607273,0.6895866476336537,0.18034250403730012,0.2768665532273954,0.6709787724846807,0.003810066794206257,0.14349108782245668,0.9768205944580486,0.5946187810245931,0.6567885945351396,0.45116904047201856,0.0845991850989195,0.9730562614501092,0.20758753616059233,0.5793345356218187,0.706462474000791,0.7051661706007114,0.12316541118279256,0.34278603704010446,0.9588433070470124,0.9667458931524922,0.9777882808982877,0.3341556134685921,0.12761989228001502,0.6576296790599145,0.06695810544904612,0.7002765465463443,0.04522676709137041,0.7747814791780211,0.13717724133410425,0.061980805117688886,0.62531565962908
0.14267611278753045,0.5230697067946434,0.6003285064775018,0.2648930009150975,0.6470321323475685,0.6509720171334294,0.7532565149188369,0.7850548205924921,0.9129041499018938,0.1740095798332878,0.9383362869905841,0.6815618953112457,0.5847240576460764,0.8445367188197864,0.02411219195212566,0.674565493188356,0.2895306401904193,0.023926888430078286,0.9575807097641156,0.5065159215250922,0.0889103937690292,0.4198577583748986,0.03103780880006468,0.15101683918216813,0.12710964909418943,0.796970324165203,0.5218274293123615,0.18139098300121959,0.9388425698534035,0.8207393559819575,0.24753649235106046,0.3161627386995052,0.401230326209426,0.09953249001733999,0.4122161424405755,0.13083705622987996,0.6806818179322073,0.37426639553574315,0.24491215954023204,0.6627925536347895,0.2142744476702081,0.6428989229157074,0.5128467502298218,0.1988221776581257,0.44730272916877933,0.30684932648443675,0.09454036718511616,0.22654528576680788,0.21379955011488228,0.40023686296265604,0.0020212739821178216
0.7086268591645807,0.37356244742699696,0.7811893150064523,0.3431745975890166,0.3004501893536998,0.9460376691330383,0.2712029077998499,0.7355947787239607,0.4762694178923548,0.1356633004408302,0.6701359466615644,0.23311888369939548,0.4288375882800066,0.55274035844644,0.8568835642353723,0.9119654444986487,0.6898733377105127,0.8853850056801326,0.6363846137055474,0.590961958073056,0.43783945395628954,0.7231069156305902,0.2400956264398465,0.9529417491254624,0.04335636179554658,0.9195205553768461,0.2432922585467,0.5095143315105047,0.4814159472592907,0.8488589829414642,0.8781249361386684,0.34098795309403784,0.8818309796982803,0.1327060449116837,0.40817933544062723,0.8969932623655513,0.04713177854801798,0.5192704201097555,0.5479323883203367,0.869462520253525,0.06928828123429331,0.04391260133173336,0.8345196078895032,0.7620571334799369,0.5185564396883029,0.0785908383296785,0.11286844895202697,0.6245592667855381,0.8317793536937611,0.5263531724376834,0.9833755939755425
0.6413627919138145,0.28586377809707286,0.160124035328974,0.46370789811616064,0.8472484077491927,0.4349336453280326,0.8220039443452691,0.5266232214582622,0.6996920464726504,0.019107398696265987,0.7225723139955891,0.5441161375492445,0.045440116748455384,0.42293159248333845,0.002072726336514341,0.3418691995376594,0.8851626406263984,0.5656411195615771,0.8479582698416681,0.913243502321218,0.5591775941644002,0.4386622253910122,0.2624845188355367,0.7701349133051666,0.3901578624018801,0.8226265596105969,0.27560016879058324,0.354021437288801,0.3502865450996243,0.6515427954767188,0.47970950474347496,0.7133833375972123,0.5427298846000452,0.8806176343179796,0.6747271872379575,0.4404405997116857,0.7555984794768517,0.5890534183503344,0.03576278453554815,0.4248741514089506,0.7684947294085814,0.9384631558347182,0.35761020111634223,0.3322636771256554,0.6146006496919781,0.7670009069316053,0.9038135389369543,0.42469329420930146,0.5700852249991414,0.7651882436308591,0.8639269195529512
0.9966389684762043,0.1549449623893282,0.024242240380411784,0.6366904685923542,0.5494515558994267,0.5276243743084876,0.1466611729993984,0.7076351242370288,0.028848505067435304,0.77775913385888,0.5864517015318744,0.5865004919559518,0.6940306542233954,0.036892565324423865,0.5080492260862313,0.5425026190734507,0.40222431621267607,0.5574650587661434,0.5386212013013207,0.3362510661348648,0.7012687471306416,0.5076613597016276,0.87620109308123,0.5317442027925545,0.5675546909033918,0.6716681642126371,0.15264075247323228,0.03898669568106339,0.4598840509957791,0.523351308510035,0.7186353165524352,0.4122096092501848,0.9225808538337896,0.2633690453256843,0.6082530516873389,0.013338917181596521,0.3558199103989903,0.5253785245889743,0.6544452553662445,0.26107742900248443,0.39476815508655017,0.6586538284264708,0.7662873018469345,0.3348716748921027,0.27838126988900547,0.8325619732490519,0.028483941474439223,0.3239370440000011,0.3896417101892987,0.29604036651103793,0.9192679314846643
0.7278481803466689,0.10387697329649281,0.26311732786918496,0.060211127100332495,0.17212964175509804,0.0716556169929875,0.8160558840249618,0.6417670341341629,0.18980092285015726,0.8660305136272971,0.21340150953025816,0.530216420979559,0.3791536089467594,0.8705274582194038,0.1618173068979314,0.22803619855796642,0.4017327497545443,0.42351362828440187,0.6646220227807279,0.41514229495715826,0.0915173165832639,0.38210788501671045,0.611690286533203,0.20224963838493992,0.3282686318679111,0.20895148225752325,0.27237595760589395,0.8496441881784121,0.12050677943731747,0.22754212435016807,0.23106234144870885,0.7540681816352208,0.967168485108841,0.1627491794325744,0.3254343815179712,0.01811597180561686,0.2834464351538082,0.2616050285633207,0.021641046513177775,0.09452905215193386,0.36920733311741105,0.8100514917548048,0.34143004127745,0.012771251220471846,0.26645621715057133,0.22834378818327816,0.3378045377356689,0.3533744468527362,0.5180928449173019,0.8472341896404636,0.8249282606950695
0.6703682330935845,0.001209888528132308,0.6269058697871429,0.5769019469454995,0.6030352561211352,0.31781660162938863,0.2889701480231184,0.32506320681771783,0.106234126260498,0.7925678982184553,0.3054924706757616,0.3475710767152459,0.7172926307348351,0.4032890457103723,0.8261153321791933,0.7072856286095194,0.6974236293113643,0.5425353864645849,0.6484374278870797,0.9224912487726469,0.10458630023296756,0.7007084780424347,0.11410765965777014,0.1445179902952738,0.940832330704104,0.9213540645922715,0.8465483100204805,0.7692932286858413,0.2716404494726563,0.015574081798135464,0.03682644360433651,0.677789687684347,0.13317515376216738,0.4839353015567084,0.3158836896779632,0.09218127290658285,0.11315960421417015,0.9645701689198696,0.5694666488195794,0.9230307624907592,0.22696277880033333,0.14681460889688824,0.6638117593438677,0.11613668958842993,0.4505512658043903,0.6661666192776615,0.6840160663448165,0.9786948286548428,0.3969161786039237,0.4379364623569645,0.5842603942404033
0.3295260797544627,0.3075611618772026,0.47261068928668293,0.2531863993508334,0.30093261539307026,0.8637691047789448,0.3199960905721475,0.9013015550939913,0.10676793998266054,0.7232307485275379,0.41328060604798245,0.36953763325235467,0.018997851946872868,0.6956784505264739,0.13227393788957054,0.6633926805473984,0.566769960124747,0.34343094851838973,0.38226886540362526,0.5069415281728632,0.507081448465945,0.3210731841819685,0.5262207677843762,0.7577210016056284,0.3990804740185253,0.3438962553302424,0.5920278627554051,0.27351438952694673,0.6325172729592246,0.3827808548793017,0.04480169919633892,0.4901837799679192,0.41650464628843875,0.7118176163194586,0.5580794534342691,0.7956856860534789,0.7630127790226945,0.05152981146861346,0.5153070439792953,0.08897237903642718,0.8507238217620353,0.8225810038951845,0.8365522709133272,0.326800315752792,0.13490461691867572,0.02133606349577788,0.6926346531166552,0.22246854956359186,0.0169821882090323,0.3704899672627955,0.35513201287208673
0.994854699731652,0.5641376191855957,0.8749536751251873,0.31844546460925693,0.21098287242498226,0.15975995480493066,0.439340529433325,0.9273412739670864,0.44662119541169376,0.619193089497843,0.9874122737946454,0.9504396043027664,0.6332877747800149,0.3462120186536203,0.7692313886132872,0.8298180749258,0.725437368067222,0.11548967889947448,0.5151062279517148,0.44690164784534403,0.8295944521948572,0.015984852971140495,0.20933228280622607,0.5441851881596119,0.3810929736840839,0.9882701058740215,0.9248419890743156,0.9229734190685618,0.5831615000699935,0.9781850317166417,0.1521988663499303,0.9837957405679536,0.39146896810197873,0.6868444246016127,0.6181898926694596,0.3601631449264131,0.9219698690655137,0.4965633358779904,0.5073824994288387,0.13347526528534137,0.03484967390511162,0.03879387137143586,0.8795275953106885,0.8547974102596275,0.6009915023963618,0.42176341277702656,0.21665589903698868,0.043843944630755916,0.5792491329294229,0.46034409662813436,0.12103618625154533
0.14655239450847424,0.25044931842810814,0.2302969924687699,0.39189309830351593,0.2213522533782024,0.41193329522587696,0.39551206027743724,0.42858363435173985,0.6028011262795527,0.7566472469195913,0.36156261962821834,0.6071596449060019,0.7075844870545213,0.9790165096750832,0.5085045985326487,0.07435012555840692,0.3241110698767453,0.47681901407627325,0.25971189696069485,0.7117095764782365,0.18359557940048687,0.5860072772510344,0.0006987303569701009,0.5026529237871304,0.5051342644995065,0.410000379662005,0.1322208265193977,0.40279230448451253,0.048286264264315815,0.4628144879884437,0.37174596944563953,0.16573969508069364,0.8181122064351654,0.8503325422417534,0.4179015588774042,0.435242065660683,0.06915248281914921,0.8835359803468893,0.48541507952629437,0.2462921179010128,0.7908779840786218,0.4075108077536952,0.21832431926757112,0.44440466592374395,0.41206063818846583,0.6776414064300975,0.2208810103522857,0.9344767288721896,0.5476078675900983,0.1329887389186878,0.8034725506011079
0.4914845414580655,0.457912975368333,0.376274763904483,0.027676691525541974,0.9324241330006511,0.08187419284952058,0.7156496634840676,0.7830797800260059,0.0949727680104745,0.6533132451637415,0.5170484200527342,0.5621648525657701,0.11340466309155328,0.17965387564341018,0.8884111630863355,0.9460680684348622,0.7385502873638217,0.45352566775015024,0.43569824816959124,0.09835453251361115,0.20663224353318876,0.12351605763426443,0.00527042318698645,0.32313440395824455,0.06548421363781698,0.836193617225387,0.9422028786743837,0.1779656427630455,0.41510009695388594,0.2413047737958275,0.5981538759312629,0.6746597477732015,0.8751098486430747,0.41947051158447657,0.6744641395282884,0.14743889317398207,0.6003928113837829,0.24282304997427073,0.8559673530697148,0.7957961612734048,0.20845188591421016,0.17804811528544662,0.9960040841250734,0.5615669645540505,0.35774692415518705,0.18545539994008342,0.3455716927839141,0.02362433106948636,0.48245623901452683,0.8052967842870016,0.023930989092755706
0.6907664664703871,0.03354997274424787,0.9210269110116087,0.6801433582167944,0.9287759025022778,0.2694611984315196,0.40611118128184165,0.1626429439155035,0.4610273817426931,0.20477485871096324,0.4801655846839079,0.5485465345287155,0.39096316874400683,0.2126814641756386,0.9478248787773604,0.5141652678808906,0.306031680836259,0.8469054798030985,0.7379141480729557,0.7121856210841548,0.14820934298561328,0.6818923015229851,0.285413002949387,0.2863948822760609,0.5016456422370347,0.08469926055724375,0.9943966529097561,0.018140742693802503,0.7575561172160421,0.9904984413619666,0.8815251718751789,0.06053713116435744,0.09544967174591112,0.4669314949718797,0.9598470889729223,0.25150634892450263,0.7934347013121413,0.6605984768626104,0.5394614868417223,0.9527909291381802,0.36232806043999066,0.9829934229600878,0.01794420578818512,0.7288257812715068,0.712145724389088,0.22616955062727462,0.14181483863394673,0.9951065816899173,0.7045175008845329,0.2054687489348891,0.03269876870454669
0.8752747094065565,0.8201507489397664,0.7537573155177669,0.9197134471746897,0.6434100082380635,0.8320553774387525,0.6600617250612641,0.7137225726398589,0.2654777404826646,0.691060922692003,0.19299735758023628,0.48037680942513306,0.5705271337495806,0.25332365468303697,0.4034443777281691,0.8824568376581066,0.8030979608539741,0.4386550778528906,0.015176061239698058,0.41936234602511635,0.30619116550817715,0.22724795487132687,0.23351525020169794,0.6779473067790163,0.45121856438484675,0.6075766050498728,0.0709406207317872,0.24233742643864498,0.963786113360909,0.4394121241407052,0.5905653275563993,0.520542928666394,0.6625102401682237,0.7723375406791176,0.43911332172659745,0.1718928145913463,0.055467712921519086,0.6203302231731226,0.6499837893801279,0.03633329378985328,0.676493655137475,0.8133056146912895,0.9962352664043713,0.12413719587487126,0.960741610433588,0.1037747776976028,0.2764730576533232,0.4660092353634735,0.3209162122506931,0.2100551594655119,0.12330222911169697
0.7596517879172936,0.01502427887276414,0.829712279057896,0.5621073757146731,0.9501833493773022,0.6907405599845717,0.5119907103611286,0.6091770949008297,0.6890400183305296,0.9944472689534202,0.13408827450313665,0.44949934558142457,0.47965303864305064,0.20741263760872608,0.4114887140306964,0.020454918477807005,0.5144777872981109,0.4197877361978608,0.6469259802634396,0.012692197947854145,0.05527047803833962,0.5754256537729737,0.7223927949785568,0.9789702926924962,0.5886800608721418,0.6736907960646834,0.1455701054724704,0.9422124514225162,0.6368268043456757,0.6749516732531834,0.16301591216626754,0.5099733417247782,0.9265635663481641,0.50568596009934,0.11763286664913108,0.9064830638847433,0.6597027071892865,0.8355408268806799,0.9933434625294082,0.6543261020663124,0.1315261040748944,0.8945769896407668,0.06928527161989984,0.021641830698441944,0.4449669094550336,0.8163654196998354,0.560676396771953,0.6549788524547467,0.9440019689134508,0.9410926193839745,0.45966356366946015
0.3909320257017095,0.36555115232790003,0.9853851137214981,0.7313895015838691,0.34486299040530966,0.15619990914640336,0.0015180201040052577,0.7541477899185641,0.4473817994075241,0.7359581002246024,0.610978462562951,0.7793246587738453,0.974395794742683,0.47410423585962325,0.5230847633590006,0.7997997740433863,0.5333000757133822,0.2875168950025665,0.005533057869390179,0.1681946249616868,0.3332568007665412,0.7842405443135586,0.8269781505526405,0.15553946502235916,0.6965628350517897,0.05231338393596163,0.46636813927860366,0.984382029296381,0.04625461763262806,0.5603529573414066,0.47538171615346947,0.7118188117075928,0.03608363403093284,0.6239263568998976,0.4503489865056074,0.72953322034899,0.7093559887791302,0.8348296732697705,0.7433074947000946,0.9018475807103591,0.46623575253554916,0.7263631452539926,0.007704051998924544,0.7203642571230614,0.815911576612141,0.5122537943183563,0.3409107938628745,0.43950490826766697,0.5668715973794415,0.21089223609167662,0.5096910169683108
0.34168815122116736,0.05524941506326342,0.9333361332152554,0.8902825260288786,0.6106372619439647,0.7262647364219396,0.702515480628043,0.7723531661080311,0.13646694985369334,0.7800307552118138,0.7735485353798625,0.16849746966332357,0.975173400057979,0.16408506549548796,0.8571456702724988,0.5291148344403998,0.7679302097037405,0.5502703587669608,0.9237170738979249,0.9467395028941618,0.14195707007573377,0.013416955055575053,0.6520528679360816,0.3022479893749387,0.2786274384286084,0.8987254215851267,0.07083357787173972,0.23614388183082358,0.4732171751570614,0.0911310053215797,0.12895031212339936,0.36548525366562523,0.7989928345172719,0.06737419817561763,0.37117031818092605,0.26957680460229294,0.8649033349836537,0.8597416975760951,0.9222160508542532,0.7608106211855379,0.11939775421595167,0.6689184956059653,0.7180110387575234,0.6158125650292001,0.1521733858693909,0.9273419731722966,0.04994704857868626,0.3927849004952312,0.31800928767576575,0.5561390814280536,0.9293487843047277
0.4232462475501205,0.4073975500257483,0.7022093634479575,0.47734568359539,0.015128940475705566,0.006432669112432232,0.06454726816527356,0.14876733084606475,0.3603396907232219,0.3389591485396032,0.2692115616417141,0.6641078052827132,0.16209466993164434,0.12261132347530779,0.1505541227998335,0.7618865580658851,0.676734461497122,0.36744047555986303,0.26391606983681737,0.24119642645682704,0.4123022029137705,0.29070928062687784,0.5855367775598527,0.17818476179094056,0.24233966925981587,0.26880146565577934,0.5230446549336426,0.3913335608788914,0.8941050592455199,0.07347421712091817,0.7451433486110246,0.009396932796329582,0.08080606175041671,0.5090450381894162,0.4282101949647561,0.8607262866304894,0.5074375793922971,0.15127392960468222,0.6378888056529004,0.9859224533952275,0.030325520376823456,0.20598725509132565,0.07794409582466455,0.10627067011912694,0.9986426437107156,0.6798371587052344,0.9589334151762818,0.5202099209709117,0.8787327178434172,0.5920709797038238,0.2969468138908744
0.9914593364739541,0.23385223250485065,0.5802732829460945,0.9130833298912213,0.6809679930365373,0.3334914406597991,0.7308566143173214,0.6298283335135069,0.42205223720825136,0.9666279431877642,0.07363490856985422,0.8756194117766374,0.39392397779569477,0.2832312302789548,0.5911511035699141,0.4665071584649977,0.4394153986538172,0.5453764825576661,0.24173395556174837,0.7186420515437207,0.20908374325431345,0.9840324088648169,0.8922096700407433,0.1228633828776362,0.2882886364680497,0.0022097866543570044,0.2751125322479019,0.30363666971991865,0.08502038476138085,0.8926496975390406,0.42353962561982217,0.7971436519098062,0.6302527685422605,0.7180557694642535,0.5946882102418911,0.7231893649799107,0.17463309096464819,0.12253686461169877,0.737857332361368,0.8227066032620224,0.4431364863055499,0.2663114815176081,0.41705133012595064,0.3325764341144861,0.8628983660817019,0.9433344489880783,0.15576441449510114,0.24513072423400595,0.625231819252296,0.05308994272882006,0.5838827609601239
0.34097989917343874,0.4210038390109646,0.2284674920873052,0.9507087389700711,0.342783645819806,0.5924915275921337,0.5024776413110649,0.8629437295020402,0.6263461434336247,0.9600771079084598,0.39243894812913716,0.5019449352630362,0.13155713893282173,0.13755400008191299,0.4142877898196893,0.6446956034337324,0.2149099730182824,0.3763522047958199,0.3430298906153866,0.11131683810467607,0.7070752596409402,0.010485498771477308,0.5375325356485251,0.190137636640049,0.24760262559334933,0.9967259743132476,0.9239766070244789,0.6271711944495988,0.5662030148879494,0.25718765851924874,0.36629745673254377,0.4124227800104874,0.04135152420883226,0.49530325740771997,0.4728844507682254,0.16766551636725524,0.6186625809331295,0.1504789472856114,0.8588469311138864,0.13754594958110666,0.7168179605547546,0.8936914968759394,0.9489647427778269,0.6161234418805754,0.30460783564992444,0.977613856534489,0.843889104676312,0.20878628020857615,0.8050403237894942,0.9629655691679796,0.7101948075955368
0.33730067419338716,0.1666338465879138,0.0425217392047359,0.7146998861325968,0.4322556723842621,0.6578067857400692,0.3890712467234082,0.9817861537315947,0.1876599679761599,0.5384883146389038,0.2040264592957558,0.7397806891506762,0.08099730883138623,0.14639042379998157,0.41214909966896285,0.27322050205878456,0.6996180124722199,0.662511500196188,0.2350058082136789,0.48729982761123625,0.45528286472042745,0.01618417568520758,0.9505364958566409,0.6992064337136894,0.6274650770495419,0.41249186722584796,0.9505199915839333,0.06602405220095342,0.36672633314618364,0.35475826401796984,0.30620054072720115,0.7057694495853633,0.047382531176657916,0.34942159452356847,0.7147104554954526,0.16100778190736698,0.5683278648540444,0.9047081126330191,0.5337234494527879,0.036470008188652314,0.060273774326117024,0.44302380404067665,0.6601553674585082,0.5999971059727534,0.8473398723584915,0.021721379495705073,0.6758486003695419,0.8940232888987636,0.7334372730306611,0.9775165752429412,0.3572287628343722
0.8993750216056492,0.14002812008532295,0.8213317713452823,0.7692009652311314,0.39330891025416514,0.03878305669619986,0.2636931175359116,0.4631352951334132,0.29019249823914295,0.7972727674625839,0.49258437067739946,0.6458335564799377,0.5074876447387024,0.4852933283244044,0.38526253751976514,0.08998420037184729,0.6251096681507882,0.7195765468268819,0.49160792295721156,0.6816798061054491,0.5200520026484952,0.07949929247376553,0.9945352560195844,0.6763706251139879,0.5327574670156662,0.023027418346704742,0.33812633046494756,0.2942346223654402,0.11754893043267711,0.008448118130953142,0.9369541567270073,0.5191624120314834,0.005072530053571778,0.07416792685369633,0.90601132674806,0.06877634688089918,0.9930697936318352,0.4294046922300251,0.5697990116487299,0.16643150983820754,0.6125359262283996,0.20219710019464343,0.19572908036853465,0.8410379835780868,0.8238220789258395,0.029909555667866683,0.4144046766294671,0.2878875122366883,0.4188617197345348,0.1687904841360659,0.040212719494370774
0.617151453580943,0.011266988757663188,0.5491227003923084,0.04088981200649133,0.47253195232546474,0.6155430252709541,0.6665486066574945,0.8820661182637342,0.5585136524749562,0.7917761547011286,0.13436660864604932,0.7519604560994868,0.20966707498850778,0.4895387242648439,0.38093154190053513,0.7403834033962492,0.45280709034482447,0.37001417091351296,0.5298209150290387,0.32377641439944016,0.9685366053804071,0.1316191711227379,0.2157295619285292,0.6391085110908651,0.4002093638068356,0.15856902538158746,0.19488176330107654,0.587006164170414,0.07474526349126531,0.13053223993018637,0.052539625766207854,0.3410462655444164,0.8227125076323307,0.3153311391290755,0.09101232652809954,0.026820998836630472,0.0462478218834147,0.8108593894414684,0.2504015408252459,0.38720046455021173,0.2838728894710576,0.9693842120482787,0.7448859218127248,0.1757030952016294,0.5563022488248341,0.6932170828035791,0.16575235408547306,0.20730575638658089,0.19532959061875343,0.22412992139680632,0.39298086459909787
0.03033867965211068,0.46856624462235774,0.14666900741980748,0.17699469318345384,0.7497902429443696,0.6576177430157061,0.33677903121226915,0.5559244837416316,0.5875846105729428,0.8512320287337148,0.8517143847719038,0.9262062009482734,0.2588427529174334,0.08375181862802172,0.01513307846732459,0.540630382302416,0.4667768187483462,0.13005459051541046,0.7592997915105683,0.017477513998820027,0.45067532588623327,0.847583198274444,0.36333804958424853,0.30016988785479204,0.7803259722803566,0.31631441371764246,0.3072916875512257,0.8870391302468006,0.23779503836880456,0.5042485041175969,0.8560115677650214,0.9077051672743429,0.1915832640658256,0.9770640471399291,0.7218100910486348,0.6299500348437066,0.1647346345443823,0.9827525155517537,0.0844563896777607,0.35713541194051424,0.6103270626859355,0.8387308093696503,0.7670138845054442,0.7423733272805878,0.4504963871560128,0.3698110567944606,0.5465061159359197,0.40889582733085517,0.430140273486216,0.7823844703792815,0.04817951312484947
0.15293164756572064,0.35395280433631093,0.6117903718737657,0.5197425623033535,0.07099650246211153,0.7883918121981249,0.4127033102975103,0.3908754902326951,0.9443877674942084,0.22247909999975468,0.9463383858958889,0.8346155258265402,0.2235813442607617,0.7659644677715388,0.5543614667089243,0.07760971864479049,0.368137660512881,0.26586413994310565,0.8168973561209375,0.10055040334532073,0.99871976713332,0.631651495888089,0.3872193760851125,0.8681406853623691,0.40594161883316904,0.701712034350394,0.5317433443383631,0.9529977840929101,0.2113475513239358,0.7273846364102122,0.031277412376941593,0.44753556651410076,0.3269226319178612,0.6793269518157298,0.21224209411601036,0.650241550885391,0.7001807036335733,0.14903854837621344,0.8984033467654481,0.0720993122260748,0.4563965976146622,0.6441206171664672,0.5031221144950828,0.9853189679054789,0.549548548039774,0.8749302310468449,0.9801984614138036,0.14964808241015615,0.0047911586693829555,0.7209031319454879,0.03734819479747342
0.8407188214014056,0.3071734440983468,0.496659256703997,0.6362014339312748,0.13883235694280927,0.35566167334687593,0.532623196079607,0.15419954459235374,0.34997226287983163,0.8749518330160082,0.20586077191704555,0.6187616035959828,0.4946712038625092,0.059997981140107015,0.24628220684321855,0.07853628879448149,0.2568212766579888,0.7331440126338473,0.5991096707809832,0.963680015244925,0.31446431447841927,0.3920210727494594,0.9092652383784976,0.2595799042064094,0.2463050999688443,0.4431556961192108,0.7398526686746504,0.5118051705011203,0.8757231595790126,0.4886972585281115,0.6117885973578342,0.8222160730507942,0.6483342685397829,0.5515112862291031,0.8728591495186381,0.33592777005576957,0.2434563604720571,0.19099065059047893,0.2513703331412481,0.4977568200309326,0.4160355035312835,0.2536282672806198,0.9709135043791224,0.42738349131183007,0.9545293299307716,0.5839024338858789,0.4945910265912503,0.5480576473769928,0.07523227679722666,0.4549433350626261,0.6387683606506761
0.6642138807090331,0.009919014531900028,0.573226450364171,0.9353339798636464,0.8333783482974113,0.09914020039704707,0.36142358410649333,0.10674430566781656,0.3771667841247681,0.25152524352651884,0.9219537128887743,0.9497159754033024,0.39002914164456604,0.7687652588181332,0.11427868807674879,0.5849042204661434,0.5938543340015886,0.31052423915173955,0.34748436981893616,0.6735599768488978,0.5900979965426025,0.162624248172608,0.6042870859695967,0.08045882519661618,0.6042281342067308,0.9257892991245718,0.6063124270116991,0.4817831687891736,0.6365042250134053,0.8498896709085846,0.4001138825314341,0.7619292061274313,0.6643524569601401,0.014551386333856331,0.9417309822952256,0.611144798017326,0.21671671769745005,0.7330744741056406,0.44487150779216067,0.9986628694228475,0.9097735716446692,0.05668541517801151,0.17868646791216836,0.19245114973701194,0.9520930920629074,0.8298977140379967,0.2584751565600657,0.7231092601788615,0.3480440893667377,0.7813807036017911,0.9919161353772413
0.2757945927852965,0.9490299066972828,0.9645220736587666,0.45903187775755827,0.703312709895908,0.8378822649104762,0.5472829847080736,0.9601275809651509,0.06725301324244592,0.20550156304132117,0.8744777396857718,0.2785462794726159,0.3556457694035511,0.7831201915012279,0.8988962341203616,0.041844424675124614,0.9503893514389395,0.47168748132333593,0.6862639015024556,0.1938912880055642,0.5454525698761558,0.4772654573994892,0.5912006730419879,0.6212834215855862,0.7594373500984073,0.02852955800233059,0.183325647887011,0.5049905984937489,0.05363420233464744,0.49719676789703904,0.26739236110540854,0.5380081040046153,0.4283946077073659,0.20889174852305703,0.5876850403231457,0.9267861428623547,0.4045643330695885,0.0665316199075694,0.15198412405735096,0.8908735202160667,0.7637132025158071,0.49024922981433383,0.22704885578009726,0.43987392856813556,0.19163828120509274,0.10447532632450585,0.2615629472412536,0.022733576622020357,0.9922427118372315,0.8330577837315349,0.02218329030792554
0.3117975216542509,0.9429070794057801,0.6526737522479801,0.5314551032978301,0.6499643267909521,0.26935486136759856,0.7181646539949613,0.8726794696934077,0.21927685547268871,0.4147317082613228,0.16078540345452474,0.6943123209173379,0.01147016025912273,0.9401748658350297,0.6009214703835352,0.11492058180907727,0.39521658821564654,0.367109553127534,0.7905574117199952,0.26808808226682235,0.9410225311450466,0.19912276701578535,0.8929593185873533,0.5460097194907284,0.43614391573377576,0.39162520503978726,0.5786989810896856,0.8130136574601692,0.03001966125495359,0.9377085590625431,0.7313448114424091,0.09586113193265511,0.9506848795552374,0.5936023808793156,0.13980446637174326,0.7865032963364103,0.483187285101767,0.021309417930466035,0.7470084445257251,0.765525943273186,0.7717261130417898,0.4037768991883899,0.40150796483546325,0.9480882731556682,0.053368341804928,0.8705049300440743,0.9552927788636056,0.9482520482761663,0.9284773849369427,0.6549159798291502,0.15642702643593887
0.4632551527481513,0.7282355523550514,0.1654378290532148,0.499547423557277,0.43769910831427983,0.653450148248527,0.8453876399597042,0.9842573128753911,0.8491913932404005,0.778379084488715,0.9684634293532609,0.7430968731939296,0.20608128967149142,0.30147328563169773,0.6584208043313226,0.6756799081879813,0.42774496424821773,0.5195348675780124,0.856719042154823,0.6914546645549244,0.8477109932213432,0.4260168909849621,0.01874579399339571,0.7352612724112291,0.0657040188990955,0.14701421280232807,0.3532384169685814,0.6322822392851214,0.2412501735916046,0.3341561902308905,0.7249936557322487,0.9496468271508165,0.14952470466098522,0.8982125157422646,0.3607966992584153,0.185470123596162,0.416845182387362,0.8850811885905695,0.02264670931259727,0.42411871278513136,0.3659622417644741,0.31826420376203424,0.508069232346014,0.20020696674363359,0.39744999723313057,0.36404004098060594,0.6999874004832716,0.8949538173924511,0.5861242677508581,0.8542681969289374,0.029618495147617052
0.7598911370352192,0.7935225095861638,0.596438471274558,0.4472514749484344,0.864629789479414,0.4743731607154261,0.26008967764543267,0.8698066144454416,0.23264015146261174,0.6014033232387979,0.2319446468064419,0.7460677083614955,0.9502885832867844,0.18811684371037452,0.7317574946215673,0.31299820864909034,0.9465901741363703,0.22924886471789252,0.21529828228734116,0.9301359241917855,0.584947735002548,0.2503512503979094,0.934778744216934,0.35448135468753017,0.9285014849205024,0.42451767600686896,0.07219959711470747,0.2775351275170319,0.10653967459066016,0.5869466291075383,0.4515593227282445,0.6635752584640034,0.39255939079075874,0.7583744819027702,0.2948702129670058,0.7339877018355843,0.274608620427385,0.08724571850967133,0.15067134066585142,0.6931265465942485,0.3122504622700456,0.6516229410594806,0.15988904133915893,0.7235182801785038,0.9808117156868857,0.46844820844506685,0.9416033330724486,0.5481844930899854,0.5286588622941971,0.007643757047707145,0.6281317471791825
0.7593075282375953,0.153431733903153,0.7412842885528399,0.3553447449979865,0.7323836508273394,0.7153564692394211,0.4683489102416911,0.6794170570528009,0.33455972126961886,0.791169342568544,0.38094851741769253,0.8149300702807365,0.7844358858786322,0.9138935573201079,0.599139101067387,0.2658129089731103,0.9534818002885102,0.34877456887228675,0.976512420613672,0.6730598875279022,0.9117463379720873,0.17574697660614735,0.8726531586806323,0.860202777888644,0.4577107894544509,0.8024716619284302,0.4221134599827643,0.6842242373775004,0.5404897086765403,0.09752468140196002,0.8588127755630791,0.15551133883393575,0.7418543190424591,0.1876425087749588,0.5430804391498214,0.8883836219103902,0.7801022044570843,0.8622000308096449,0.48059601278042186,0.846563103066823,0.6212424725892176,0.3448481302171281,0.592553857898241,0.345392552686847,0.5971470185148993,0.9419340833561589,0.3423883191560495,0.1362868009143985,0.1879557404511082,0.3157373829196364,0.23832545946326855
0.7053240025336575,0.061015901097791425,0.8022452749799938,0.4129031255669319,0.45880777258497796,0.5511585158983244,0.8507502709476197,0.4459938412394068,0.14288427311161656,0.7541873790658166,0.10896293392607204,0.866700792059208,0.37083285683213174,0.38160745968494203,0.9777044742625683,0.9440638098153908,0.6415379649756665,0.3511334711777002,0.5016434736784434,0.2927402489718477,0.18839875486107127,0.5916454411808348,0.4632270221433492,0.26194321147576016,0.4181104141772105,0.38629381001157836,0.5513463264680251,0.6769651452696966,0.6863189930959716,0.11415267297402243,0.41259749686720026,0.9242656717814993,0.7432001025397335,0.28151259166901277,0.2686976551215807,0.13116089107695195,0.09314928449031001,0.8235198442538343,0.41374675308828013,0.5270995091439447,0.9896323752405474,0.11724550975454107,0.12460566920590654,0.5645273668011351,0.22087593532051963,0.9227321972078362,0.7159413043899677,0.39724450975528414,0.3421465856986692,0.9963809359247763,0.550672563026354
0.2927632213963437,0.0033198424331645215,0.45788008684191095,0.15169972702174173,0.8471236885637258,0.15315293278456454,0.4815125617104262,0.03713000117257259,0.03326071014999199,0.16245200879847166,0.4542124323399166,0.043395301297422195,0.8086885435006701,0.9602109634975339,0.9227189547474853,0.09300515335048687,0.1429440624875561,0.8267887623986847,0.5552721862344525,0.6308625744011545,0.7749580504606882,0.8452381993740716,0.9191998977388355,0.48980777527261965,0.8577795091289775,0.28189169368227285,0.6110262826340156,0.10654075190315226,0.6307539214438838,0.5354018380821384,0.5117028885172348,0.016368251259688105,0.8198333900875572,0.3683039286696417,0.8138677881978598,0.8723700149924558,0.904291223196697,0.9597785248326157,0.5831250107833422,0.9723739534490828,0.016662011845860247,0.2238445172787601,0.45478775923481285,0.028285500781817907,0.7724264333035881,0.759615733064414,0.3046256375776616,0.3975466290299571,0.38522971683956964,0.8192851303237152,0.7489852680077334
0.8101952101537329,0.3227135609951576,0.3333292015651349,0.4411886435131531,0.6810526635313985,0.7811326340528426,0.6060075115814877,0.9279846295570644,0.5372060444066028,0.6628551339297325,0.9683389674561017,0.23082606531819438,0.24223542687325983,0.42013179100342113,0.5272099577551378,0.4209121181973323,0.49483284941869754,0.6103661934444625,0.9174386258239156,0.07856298391632854,0.7870982085075796,0.6454915914819009,0.6927356953733295,0.6537220524846977,0.4745629129261366,0.17288909115775997,0.5861019572676649,0.7049206249795772,0.5942143382842491,0.03246665125033421,0.9667535266862023,0.9863195648059611,0.6497257515655318,0.6359035087271158,0.14823172126263096,0.08574525252361997,0.7040015412360139,0.9544236400272769,0.4310253022592214,0.22909406987491543,0.8396958413855318,0.22572821145679323,0.19941676233937955,0.5572529488593101,0.021278166524644315,0.2733598881273287,0.6938799961924947,0.5856687442475297,0.7427879393135912,0.6984916068252045,0.28052501765928695
0.8915857485060822,0.110495716745028,0.11216061528527899,0.8327479107225731,0.08185504126990206,0.24041851987169094,0.1173850443138349,0.7658079118032387,0.6846869126122803,0.8675573172901627,0.20672068704470048,0.26513094226681944,0.8195058207540741,0.5364457174117357,0.9159190706817875,0.7408699154439,0.4022367270747922,0.4439806094909543,0.9344057391955998,0.41877412969189765,0.5586033971423183,0.31821213723210817,0.299986221285786,0.6815584025508953,0.46357712400268214,0.42884250585116424,0.4934446587433893,0.09819755027329136,0.8289875275192468,0.5571151682630112,0.7177710796298157,0.9830668244647739,0.3472669041869344,0.7312784215353679,0.3222361168620833,0.535023732688994,0.7195823594342573,0.7763489506962754,0.9254130840762596,0.49304294623631195,0.38169642251659064,0.9832119064216497,0.3751228996825391,0.5909158236361277,0.09768260178777632,0.6446321407144886,0.001439751533995004,0.12779298073776135,0.15768953788735063,0.5425510847648706,0.8673100954629123
